"index","smiles","monomers","distribution","replicate_structure","smiles_polymer","mechanism"
"0","NCCCCCCCCCC(=O)O","('NCCCCCCCCCC(=O)O',)","[]","0","NCCCCCCCCCC(=O)[Rn]NCCCCCCCCCC(=O)O","amide"
"1","C=C(C)C(=O)Oc2ccc(C1CCCCC1)cc2","('C=C(C)C(=O)Oc1ccc(C2CCCCC2)cc1',)","[]","0","CC([Rn])(CC(C)(C[Rn])C(=O)Oc1ccc(C2CCCCC2)cc1)C(=O)Oc1ccc(C2CCCCC2)cc1","vinyl"
"2","C=C(C)C(=O)Oc2ccc(C1CCCCC1)cc2","('C=C(C)C(=O)Oc1ccc(C2CCCCC2)cc1',)","[]","0","CC(C[Rn])(C(=O)Oc1ccc(C2CCCCC2)cc1)C(C)(C[Rn])C(=O)Oc1ccc(C2CCCCC2)cc1","vinyl"
"3","C=C(C)C(=O)Oc2ccc(C1CCCCC1)cc2","('C=C(C)C(=O)Oc1ccc(C2CCCCC2)cc1',)","[]","0","CC([Rn])(CCC(C)([Rn])C(=O)Oc1ccc(C2CCCCC2)cc1)C(=O)Oc1ccc(C2CCCCC2)cc1","vinyl"
"4","C=C(C)C(=O)Oc2ccc(C1CCCCC1)cc2","('C=C(C)C(=O)Oc1ccc(C2CCCCC2)cc1',)","[]","0","CC([Rn])(CC(C)(C[Rn])C(=O)Oc1ccc(C2CCCCC2)cc1)C(=O)Oc1ccc(C2CCCCC2)cc1","vinyl"
"5","CCOc1ccc(C=C)cc1","('C=Cc1ccc(OCC)cc1',)","[]","0","CCOc1ccc(C([Rn])CC(C[Rn])c2ccc(OCC)cc2)cc1","vinyl"
"6","CCOc1ccc(C=C)cc1","('C=Cc1ccc(OCC)cc1',)","[]","0","CCOc1ccc(C(C[Rn])C(C[Rn])c2ccc(OCC)cc2)cc1","vinyl"
"7","CCOc1ccc(C=C)cc1","('C=Cc1ccc(OCC)cc1',)","[]","0","CCOc1ccc(C([Rn])CCC([Rn])c2ccc(OCC)cc2)cc1","vinyl"
"8","CCOc1ccc(C=C)cc1","('C=Cc1ccc(OCC)cc1',)","[]","0","CCOc1ccc(C([Rn])CC(C[Rn])c2ccc(OCC)cc2)cc1","vinyl"
"9","Fc1ccc(C=C)cc1","('C=Cc1ccc(F)cc1',)","[]","0","Fc1ccc(C([Rn])CC(C[Rn])c2ccc(F)cc2)cc1","vinyl"
"10","Fc1ccc(C=C)cc1","('C=Cc1ccc(F)cc1',)","[]","0","Fc1ccc(C(C[Rn])C(C[Rn])c2ccc(F)cc2)cc1","vinyl"
"11","Fc1ccc(C=C)cc1","('C=Cc1ccc(F)cc1',)","[]","0","Fc1ccc(C([Rn])CCC([Rn])c2ccc(F)cc2)cc1","vinyl"
"12","Fc1ccc(C=C)cc1","('C=Cc1ccc(F)cc1',)","[]","0","Fc1ccc(C([Rn])CC(C[Rn])c2ccc(F)cc2)cc1","vinyl"
"13","OCc1ccc(C=C)cc1","('C=Cc1ccc(CO)cc1',)","[]","0","OCc1ccc(C([Rn])CC(C[Rn])c2ccc(CO)cc2)cc1","vinyl"
"14","OCc1ccc(C=C)cc1","('C=Cc1ccc(CO)cc1',)","[]","0","OCc1ccc(C(C[Rn])C(C[Rn])c2ccc(CO)cc2)cc1","vinyl"
"15","OCc1ccc(C=C)cc1","('C=Cc1ccc(CO)cc1',)","[]","0","OCc1ccc(C([Rn])CCC([Rn])c2ccc(CO)cc2)cc1","vinyl"
"16","OCc1ccc(C=C)cc1","('C=Cc1ccc(CO)cc1',)","[]","0","OCc1ccc(C([Rn])CC(C[Rn])c2ccc(CO)cc2)cc1","vinyl"
"17","CC(C)CCOc1ccc(C=C)cc1","('C=Cc1ccc(OCCC(C)C)cc1',)","[]","0","CC(C)CCOc1ccc(C([Rn])CC(C[Rn])c2ccc(OCCC(C)C)cc2)cc1","vinyl"
"18","CC(C)CCOc1ccc(C=C)cc1","('C=Cc1ccc(OCCC(C)C)cc1',)","[]","0","CC(C)CCOc1ccc(C(C[Rn])C(C[Rn])c2ccc(OCCC(C)C)cc2)cc1","vinyl"
"19","CC(C)CCOc1ccc(C=C)cc1","('C=Cc1ccc(OCCC(C)C)cc1',)","[]","0","CC(C)CCOc1ccc(C([Rn])CCC([Rn])c2ccc(OCCC(C)C)cc2)cc1","vinyl"
"20","CC(C)CCOc1ccc(C=C)cc1","('C=Cc1ccc(OCCC(C)C)cc1',)","[]","0","CC(C)CCOc1ccc(C([Rn])CC(C[Rn])c2ccc(OCCC(C)C)cc2)cc1","vinyl"
"21","CC(C)Oc1ccc(C=C)cc1","('C=Cc1ccc(OC(C)C)cc1',)","[]","0","CC(C)Oc1ccc(C([Rn])CC(C[Rn])c2ccc(OC(C)C)cc2)cc1","vinyl"
"22","CC(C)Oc1ccc(C=C)cc1","('C=Cc1ccc(OC(C)C)cc1',)","[]","0","CC(C)Oc1ccc(C(C[Rn])C(C[Rn])c2ccc(OC(C)C)cc2)cc1","vinyl"
"23","CC(C)Oc1ccc(C=C)cc1","('C=Cc1ccc(OC(C)C)cc1',)","[]","0","CC(C)Oc1ccc(C([Rn])CCC([Rn])c2ccc(OC(C)C)cc2)cc1","vinyl"
"24","CC(C)Oc1ccc(C=C)cc1","('C=Cc1ccc(OC(C)C)cc1',)","[]","0","CC(C)Oc1ccc(C([Rn])CC(C[Rn])c2ccc(OC(C)C)cc2)cc1","vinyl"
"25","COc1ccc(C=C)cc1","('C=Cc1ccc(OC)cc1',)","[]","0","COc1ccc(C([Rn])CC(C[Rn])c2ccc(OC)cc2)cc1","vinyl"
"26","COc1ccc(C=C)cc1","('C=Cc1ccc(OC)cc1',)","[]","0","COc1ccc(C(C[Rn])C(C[Rn])c2ccc(OC)cc2)cc1","vinyl"
"27","COc1ccc(C=C)cc1","('C=Cc1ccc(OC)cc1',)","[]","0","COc1ccc(C([Rn])CCC([Rn])c2ccc(OC)cc2)cc1","vinyl"
"28","COc1ccc(C=C)cc1","('C=Cc1ccc(OC)cc1',)","[]","0","COc1ccc(C([Rn])CC(C[Rn])c2ccc(OC)cc2)cc1","vinyl"
"29","COC(=O)c1ccc(C=C)cc1","('C=Cc1ccc(C(=O)OC)cc1',)","[]","0","COC(=O)c1ccc(C([Rn])CC(C[Rn])c2ccc(C(=O)OC)cc2)cc1","vinyl"
"30","COC(=O)c1ccc(C=C)cc1","('C=Cc1ccc(C(=O)OC)cc1',)","[]","0","COC(=O)c1ccc(C(C[Rn])C(C[Rn])c2ccc(C(=O)OC)cc2)cc1","vinyl"
"31","COC(=O)c1ccc(C=C)cc1","('C=Cc1ccc(C(=O)OC)cc1',)","[]","0","COC(=O)c1ccc(C([Rn])CCC([Rn])c2ccc(C(=O)OC)cc2)cc1","vinyl"
"32","COC(=O)c1ccc(C=C)cc1","('C=Cc1ccc(C(=O)OC)cc1',)","[]","0","COC(=O)c1ccc(C([Rn])CC(C[Rn])c2ccc(C(=O)OC)cc2)cc1","vinyl"
"33","COCc1ccc(C=C)cc1","('C=Cc1ccc(COC)cc1',)","[]","0","COCc1ccc(C([Rn])CC(C[Rn])c2ccc(COC)cc2)cc1","vinyl"
"34","COCc1ccc(C=C)cc1","('C=Cc1ccc(COC)cc1',)","[]","0","COCc1ccc(C(C[Rn])C(C[Rn])c2ccc(COC)cc2)cc1","vinyl"
"35","COCc1ccc(C=C)cc1","('C=Cc1ccc(COC)cc1',)","[]","0","COCc1ccc(C([Rn])CCC([Rn])c2ccc(COC)cc2)cc1","vinyl"
"36","COCc1ccc(C=C)cc1","('C=Cc1ccc(COC)cc1',)","[]","0","COCc1ccc(C([Rn])CC(C[Rn])c2ccc(COC)cc2)cc1","vinyl"
"37","Cc1ccc(C=C)cc1","('C=Cc1ccc(C)cc1',)","[]","0","Cc1ccc(C([Rn])CC(C[Rn])c2ccc(C)cc2)cc1","vinyl"
"38","Cc1ccc(C=C)cc1","('C=Cc1ccc(C)cc1',)","[]","0","Cc1ccc(C(C[Rn])C(C[Rn])c2ccc(C)cc2)cc1","vinyl"
"39","Cc1ccc(C=C)cc1","('C=Cc1ccc(C)cc1',)","[]","0","Cc1ccc(C([Rn])CCC([Rn])c2ccc(C)cc2)cc1","vinyl"
"40","Cc1ccc(C=C)cc1","('C=Cc1ccc(C)cc1',)","[]","0","Cc1ccc(C([Rn])CC(C[Rn])c2ccc(C)cc2)cc1","vinyl"
"41","CCCCOc1ccc(C=C)cc1","('C=Cc1ccc(OCCCC)cc1',)","[]","0","CCCCOc1ccc(C([Rn])CC(C[Rn])c2ccc(OCCCC)cc2)cc1","vinyl"
"42","CCCCOc1ccc(C=C)cc1","('C=Cc1ccc(OCCCC)cc1',)","[]","0","CCCCOc1ccc(C(C[Rn])C(C[Rn])c2ccc(OCCCC)cc2)cc1","vinyl"
"43","CCCCOc1ccc(C=C)cc1","('C=Cc1ccc(OCCCC)cc1',)","[]","0","CCCCOc1ccc(C([Rn])CCC([Rn])c2ccc(OCCCC)cc2)cc1","vinyl"
"44","CCCCOc1ccc(C=C)cc1","('C=Cc1ccc(OCCCC)cc1',)","[]","0","CCCCOc1ccc(C([Rn])CC(C[Rn])c2ccc(OCCCC)cc2)cc1","vinyl"
"45","CCCCCCOCc1ccc(C=C)cc1","('C=Cc1ccc(COCCCCCC)cc1',)","[]","0","CCCCCCOCc1ccc(C([Rn])CC(C[Rn])c2ccc(COCCCCCC)cc2)cc1","vinyl"
"46","CCCCCCOCc1ccc(C=C)cc1","('C=Cc1ccc(COCCCCCC)cc1',)","[]","0","CCCCCCOCc1ccc(C(C[Rn])C(C[Rn])c2ccc(COCCCCCC)cc2)cc1","vinyl"
"47","CCCCCCOCc1ccc(C=C)cc1","('C=Cc1ccc(COCCCCCC)cc1',)","[]","0","CCCCCCOCc1ccc(C([Rn])CCC([Rn])c2ccc(COCCCCCC)cc2)cc1","vinyl"
"48","CCCCCCOCc1ccc(C=C)cc1","('C=Cc1ccc(COCCCCCC)cc1',)","[]","0","CCCCCCOCc1ccc(C([Rn])CC(C[Rn])c2ccc(COCCCCCC)cc2)cc1","vinyl"
"49","CCCOc1ccc(C=C)cc1","('C=Cc1ccc(OCCC)cc1',)","[]","0","CCCOc1ccc(C([Rn])CC(C[Rn])c2ccc(OCCC)cc2)cc1","vinyl"
"50","CCCOc1ccc(C=C)cc1","('C=Cc1ccc(OCCC)cc1',)","[]","0","CCCOc1ccc(C(C[Rn])C(C[Rn])c2ccc(OCCC)cc2)cc1","vinyl"
"51","CCCOc1ccc(C=C)cc1","('C=Cc1ccc(OCCC)cc1',)","[]","0","CCCOc1ccc(C([Rn])CCC([Rn])c2ccc(OCCC)cc2)cc1","vinyl"
"52","CCCOc1ccc(C=C)cc1","('C=Cc1ccc(OCCC)cc1',)","[]","0","CCCOc1ccc(C([Rn])CC(C[Rn])c2ccc(OCCC)cc2)cc1","vinyl"
"53","CCCOCc1ccc(C=C)cc1","('C=Cc1ccc(COCCC)cc1',)","[]","0","CCCOCc1ccc(C([Rn])CC(C[Rn])c2ccc(COCCC)cc2)cc1","vinyl"
"54","CCCOCc1ccc(C=C)cc1","('C=Cc1ccc(COCCC)cc1',)","[]","0","CCCOCc1ccc(C(C[Rn])C(C[Rn])c2ccc(COCCC)cc2)cc1","vinyl"
"55","CCCOCc1ccc(C=C)cc1","('C=Cc1ccc(COCCC)cc1',)","[]","0","CCCOCc1ccc(C([Rn])CCC([Rn])c2ccc(COCCC)cc2)cc1","vinyl"
"56","CCCOCc1ccc(C=C)cc1","('C=Cc1ccc(COCCC)cc1',)","[]","0","CCCOCc1ccc(C([Rn])CC(C[Rn])c2ccc(COCCC)cc2)cc1","vinyl"
"57","C=Cc2ccc(c1ccccc1)cc2","('C=Cc1ccc(-c2ccccc2)cc1',)","[]","0","[Rn]CC(CC([Rn])c1ccc(-c2ccccc2)cc1)c1ccc(-c2ccccc2)cc1","vinyl"
"58","C=Cc2ccc(c1ccccc1)cc2","('C=Cc1ccc(-c2ccccc2)cc1',)","[]","0","[Rn]CC(c1ccc(-c2ccccc2)cc1)C(C[Rn])c1ccc(-c2ccccc2)cc1","vinyl"
"59","C=Cc2ccc(c1ccccc1)cc2","('C=Cc1ccc(-c2ccccc2)cc1',)","[]","0","[Rn]C(CCC([Rn])c1ccc(-c2ccccc2)cc1)c1ccc(-c2ccccc2)cc1","vinyl"
"60","C=Cc2ccc(c1ccccc1)cc2","('C=Cc1ccc(-c2ccccc2)cc1',)","[]","0","[Rn]C(CC(C[Rn])c1ccc(-c2ccccc2)cc1)c1ccc(-c2ccccc2)cc1","vinyl"
"61","CCC(C)Oc1ccc(C=C)cc1","('C=Cc1ccc(OC(C)CC)cc1',)","[]","0","CCC(C)Oc1ccc(C([Rn])CC(C[Rn])c2ccc(OC(C)CC)cc2)cc1","vinyl"
"62","CCC(C)Oc1ccc(C=C)cc1","('C=Cc1ccc(OC(C)CC)cc1',)","[]","0","CCC(C)Oc1ccc(C(C[Rn])C(C[Rn])c2ccc(OC(C)CC)cc2)cc1","vinyl"
"63","CCC(C)Oc1ccc(C=C)cc1","('C=Cc1ccc(OC(C)CC)cc1',)","[]","0","CCC(C)Oc1ccc(C([Rn])CCC([Rn])c2ccc(OC(C)CC)cc2)cc1","vinyl"
"64","CCC(C)Oc1ccc(C=C)cc1","('C=Cc1ccc(OC(C)CC)cc1',)","[]","0","CCC(C)Oc1ccc(C([Rn])CC(C[Rn])c2ccc(OC(C)CC)cc2)cc1","vinyl"
"65","CC(C)(C)c1ccc(C=C)cc1","('C=Cc1ccc(C(C)(C)C)cc1',)","[]","0","CC(C)(C)c1ccc(C([Rn])CC(C[Rn])c2ccc(C(C)(C)C)cc2)cc1","vinyl"
"66","CC(C)(C)c1ccc(C=C)cc1","('C=Cc1ccc(C(C)(C)C)cc1',)","[]","0","CC(C)(C)c1ccc(C(C[Rn])C(C[Rn])c2ccc(C(C)(C)C)cc2)cc1","vinyl"
"67","CC(C)(C)c1ccc(C=C)cc1","('C=Cc1ccc(C(C)(C)C)cc1',)","[]","0","CC(C)(C)c1ccc(C([Rn])CCC([Rn])c2ccc(C(C)(C)C)cc2)cc1","vinyl"
"68","CC(C)(C)c1ccc(C=C)cc1","('C=Cc1ccc(C(C)(C)C)cc1',)","[]","0","CC(C)(C)c1ccc(C([Rn])CC(C[Rn])c2ccc(C(C)(C)C)cc2)cc1","vinyl"
"69","Clc1ccc(C=C)cc1","('C=Cc1ccc(Cl)cc1',)","[]","0","Clc1ccc(C([Rn])CC(C[Rn])c2ccc(Cl)cc2)cc1","vinyl"
"70","Clc1ccc(C=C)cc1","('C=Cc1ccc(Cl)cc1',)","[]","0","Clc1ccc(C(C[Rn])C(C[Rn])c2ccc(Cl)cc2)cc1","vinyl"
"71","Clc1ccc(C=C)cc1","('C=Cc1ccc(Cl)cc1',)","[]","0","Clc1ccc(C([Rn])CCC([Rn])c2ccc(Cl)cc2)cc1","vinyl"
"72","Clc1ccc(C=C)cc1","('C=Cc1ccc(Cl)cc1',)","[]","0","Clc1ccc(C([Rn])CC(C[Rn])c2ccc(Cl)cc2)cc1","vinyl"
"73","Brc1ccc(C=C)cc1","('C=Cc1ccc(Br)cc1',)","[]","0","Brc1ccc(C([Rn])CC(C[Rn])c2ccc(Br)cc2)cc1","vinyl"
"74","Brc1ccc(C=C)cc1","('C=Cc1ccc(Br)cc1',)","[]","0","Brc1ccc(C(C[Rn])C(C[Rn])c2ccc(Br)cc2)cc1","vinyl"
"75","Brc1ccc(C=C)cc1","('C=Cc1ccc(Br)cc1',)","[]","0","Brc1ccc(C([Rn])CCC([Rn])c2ccc(Br)cc2)cc1","vinyl"
"76","Brc1ccc(C=C)cc1","('C=Cc1ccc(Br)cc1',)","[]","0","Brc1ccc(C([Rn])CC(C[Rn])c2ccc(Br)cc2)cc1","vinyl"
"78","C=Cc1ccccn1","('C=Cc1ccccn1',)","[]","0","[Rn]CC(CC([Rn])c1ccccn1)c1ccccn1","vinyl"
"79","C=Cc1ccccn1","('C=Cc1ccccn1',)","[]","0","[Rn]CC(c1ccccn1)C(C[Rn])c1ccccn1","vinyl"
"80","C=Cc1ccccn1","('C=Cc1ccccn1',)","[]","0","[Rn]C(CCC([Rn])c1ccccn1)c1ccccn1","vinyl"
"81","C=Cc1ccccn1","('C=Cc1ccccn1',)","[]","0","[Rn]C(CC(C[Rn])c1ccccn1)c1ccccn1","vinyl"
"82","C=C(C)C(=O)OCCCC","('C=C(C)C(=O)OCCCC',)","[]","0","CCCCOC(=O)C(C)([Rn])CC(C)(C[Rn])C(=O)OCCCC","vinyl"
"83","C=C(C)C(=O)OCCCC","('C=C(C)C(=O)OCCCC',)","[]","0","CCCCOC(=O)C(C)(C[Rn])C(C)(C[Rn])C(=O)OCCCC","vinyl"
"84","C=C(C)C(=O)OCCCC","('C=C(C)C(=O)OCCCC',)","[]","0","CCCCOC(=O)C(C)([Rn])CCC(C)([Rn])C(=O)OCCCC","vinyl"
"85","C=C(C)C(=O)OCCCC","('C=C(C)C(=O)OCCCC',)","[]","0","CCCCOC(=O)C(C)([Rn])CC(C)(C[Rn])C(=O)OCCCC","vinyl"
"86","CCC=C(C)C(=O)OCCCCCCCC","('CCC=C(C)C(=O)OCCCCCCCC',)","[]","0","CCCCCCCCOC(=O)C(C)([Rn])C(CC)C(C)(C(=O)OCCCCCCCC)C([Rn])CC","vinyl"
"87","CCC=C(C)C(=O)OCCCCCCCC","('CCC=C(C)C(=O)OCCCCCCCC',)","[]","0","CCCCCCCCOC(=O)C(C)(C([Rn])CC)C(C)(C(=O)OCCCCCCCC)C([Rn])CC","vinyl"
"88","CCC=C(C)C(=O)OCCCCCCCC","('CCC=C(C)C(=O)OCCCCCCCC',)","[]","0","CCCCCCCCOC(=O)C(C)([Rn])C(CC)C(CC)C(C)([Rn])C(=O)OCCCCCCCC","vinyl"
"89","CCC=C(C)C(=O)OCCCCCCCC","('CCC=C(C)C(=O)OCCCCCCCC',)","[]","0","CCCCCCCCOC(=O)C(C)([Rn])C(CC)C(C)(C(=O)OCCCCCCCC)C([Rn])CC","vinyl"
"90","CCCCCCCOC(=O)C=C","('C=CC(=O)OCCCCCCC',)","[]","0","CCCCCCCOC(=O)C([Rn])CC(C[Rn])C(=O)OCCCCCCC","vinyl"
"91","CCCCCCCOC(=O)C=C","('C=CC(=O)OCCCCCCC',)","[]","0","CCCCCCCOC(=O)C(C[Rn])C(C[Rn])C(=O)OCCCCCCC","vinyl"
"92","CCCCCCCOC(=O)C=C","('C=CC(=O)OCCCCCCC',)","[]","0","CCCCCCCOC(=O)C([Rn])CCC([Rn])C(=O)OCCCCCCC","vinyl"
"93","CCCCCCCOC(=O)C=C","('C=CC(=O)OCCCCCCC',)","[]","0","CCCCCCCOC(=O)C([Rn])CC(C[Rn])C(=O)OCCCCCCC","vinyl"
"94","CCCCCCOC(=O)C=C","('C=CC(=O)OCCCCCC',)","[]","0","CCCCCCOC(=O)C([Rn])CC(C[Rn])C(=O)OCCCCCC","vinyl"
"95","CCCCCCOC(=O)C=C","('C=CC(=O)OCCCCCC',)","[]","0","CCCCCCOC(=O)C(C[Rn])C(C[Rn])C(=O)OCCCCCC","vinyl"
"96","CCCCCCOC(=O)C=C","('C=CC(=O)OCCCCCC',)","[]","0","CCCCCCOC(=O)C([Rn])CCC([Rn])C(=O)OCCCCCC","vinyl"
"97","CCCCCCOC(=O)C=C","('C=CC(=O)OCCCCCC',)","[]","0","CCCCCCOC(=O)C([Rn])CC(C[Rn])C(=O)OCCCCCC","vinyl"
"98","C=C(C)C(=O)OCCCCCC","('C=C(C)C(=O)OCCCCCC',)","[]","0","CCCCCCOC(=O)C(C)([Rn])CC(C)(C[Rn])C(=O)OCCCCCC","vinyl"
"99","C=C(C)C(=O)OCCCCCC","('C=C(C)C(=O)OCCCCCC',)","[]","0","CCCCCCOC(=O)C(C)(C[Rn])C(C)(C[Rn])C(=O)OCCCCCC","vinyl"
"100","C=C(C)C(=O)OCCCCCC","('C=C(C)C(=O)OCCCCCC',)","[]","0","CCCCCCOC(=O)C(C)([Rn])CCC(C)([Rn])C(=O)OCCCCCC","vinyl"
"101","C=C(C)C(=O)OCCCCCC","('C=C(C)C(=O)OCCCCCC',)","[]","0","CCCCCCOC(=O)C(C)([Rn])CC(C)(C[Rn])C(=O)OCCCCCC","vinyl"
"102","CCCCCCCCCOC(=O)C=C","('C=CC(=O)OCCCCCCCCC',)","[]","0","CCCCCCCCCOC(=O)C([Rn])CC(C[Rn])C(=O)OCCCCCCCCC","vinyl"
"103","CCCCCCCCCOC(=O)C=C","('C=CC(=O)OCCCCCCCCC',)","[]","0","CCCCCCCCCOC(=O)C(C[Rn])C(C[Rn])C(=O)OCCCCCCCCC","vinyl"
"104","CCCCCCCCCOC(=O)C=C","('C=CC(=O)OCCCCCCCCC',)","[]","0","CCCCCCCCCOC(=O)C([Rn])CCC([Rn])C(=O)OCCCCCCCCC","vinyl"
"105","CCCCCCCCCOC(=O)C=C","('C=CC(=O)OCCCCCCCCC',)","[]","0","CCCCCCCCCOC(=O)C([Rn])CC(C[Rn])C(=O)OCCCCCCCCC","vinyl"
"106","CCCCCCCCOC(=O)C=C","('C=CC(=O)OCCCCCCCC',)","[]","0","CCCCCCCCOC(=O)C([Rn])CC(C[Rn])C(=O)OCCCCCCCC","vinyl"
"107","CCCCCCCCOC(=O)C=C","('C=CC(=O)OCCCCCCCC',)","[]","0","CCCCCCCCOC(=O)C(C[Rn])C(C[Rn])C(=O)OCCCCCCCC","vinyl"
"108","CCCCCCCCOC(=O)C=C","('C=CC(=O)OCCCCCCCC',)","[]","0","CCCCCCCCOC(=O)C([Rn])CCC([Rn])C(=O)OCCCCCCCC","vinyl"
"109","CCCCCCCCOC(=O)C=C","('C=CC(=O)OCCCCCCCC',)","[]","0","CCCCCCCCOC(=O)C([Rn])CC(C[Rn])C(=O)OCCCCCCCC","vinyl"
"110","C=C(C)C(=O)OCCCCCCCC","('C=C(C)C(=O)OCCCCCCCC',)","[]","0","CCCCCCCCOC(=O)C(C)([Rn])CC(C)(C[Rn])C(=O)OCCCCCCCC","vinyl"
"111","C=C(C)C(=O)OCCCCCCCC","('C=C(C)C(=O)OCCCCCCCC',)","[]","0","CCCCCCCCOC(=O)C(C)(C[Rn])C(C)(C[Rn])C(=O)OCCCCCCCC","vinyl"
"112","C=C(C)C(=O)OCCCCCCCC","('C=C(C)C(=O)OCCCCCCCC',)","[]","0","CCCCCCCCOC(=O)C(C)([Rn])CCC(C)([Rn])C(=O)OCCCCCCCC","vinyl"
"113","C=C(C)C(=O)OCCCCCCCC","('C=C(C)C(=O)OCCCCCCCC',)","[]","0","CCCCCCCCOC(=O)C(C)([Rn])CC(C)(C[Rn])C(=O)OCCCCCCCC","vinyl"
"114","C=Cc2ccc1ccccc1c2","('C=Cc1ccc2ccccc2c1',)","[]","0","[Rn]CC(CC([Rn])c1ccc2ccccc2c1)c1ccc2ccccc2c1","vinyl"
"115","C=Cc2ccc1ccccc1c2","('C=Cc1ccc2ccccc2c1',)","[]","0","[Rn]CC(c1ccc2ccccc2c1)C(C[Rn])c1ccc2ccccc2c1","vinyl"
"116","C=Cc2ccc1ccccc1c2","('C=Cc1ccc2ccccc2c1',)","[]","0","[Rn]C(CCC([Rn])c1ccc2ccccc2c1)c1ccc2ccccc2c1","vinyl"
"117","C=Cc2ccc1ccccc1c2","('C=Cc1ccc2ccccc2c1',)","[]","0","[Rn]C(CC(C[Rn])c1ccc2ccccc2c1)c1ccc2ccccc2c1","vinyl"
"118","CCCOC(=O)C=C","('C=CC(=O)OCCC',)","[]","0","CCCOC(=O)C([Rn])CC(C[Rn])C(=O)OCCC","vinyl"
"119","CCCOC(=O)C=C","('C=CC(=O)OCCC',)","[]","0","CCCOC(=O)C(C[Rn])C(C[Rn])C(=O)OCCC","vinyl"
"120","CCCOC(=O)C=C","('C=CC(=O)OCCC',)","[]","0","CCCOC(=O)C([Rn])CCC([Rn])C(=O)OCCC","vinyl"
"121","CCCOC(=O)C=C","('C=CC(=O)OCCC',)","[]","0","CCCOC(=O)C([Rn])CC(C[Rn])C(=O)OCCC","vinyl"
"122","C=C(C)C(=O)OCCC","('C=C(C)C(=O)OCCC',)","[]","0","CCCOC(=O)C(C)([Rn])CC(C)(C[Rn])C(=O)OCCC","vinyl"
"123","C=C(C)C(=O)OCCC","('C=C(C)C(=O)OCCC',)","[]","0","CCCOC(=O)C(C)(C[Rn])C(C)(C[Rn])C(=O)OCCC","vinyl"
"124","C=C(C)C(=O)OCCC","('C=C(C)C(=O)OCCC',)","[]","0","CCCOC(=O)C(C)([Rn])CCC(C)([Rn])C(=O)OCCC","vinyl"
"125","C=C(C)C(=O)OCCC","('C=C(C)C(=O)OCCC',)","[]","0","CCCOC(=O)C(C)([Rn])CC(C)(C[Rn])C(=O)OCCC","vinyl"
"126","C=C(C)C(=O)OCC(C)(C)C","('C=C(C)C(=O)OCC(C)(C)C',)","[]","0","CC(C)(C)COC(=O)C(C)([Rn])CC(C)(C[Rn])C(=O)OCC(C)(C)C","vinyl"
"127","C=C(C)C(=O)OCC(C)(C)C","('C=C(C)C(=O)OCC(C)(C)C',)","[]","0","CC(C)(C)COC(=O)C(C)(C[Rn])C(C)(C[Rn])C(=O)OCC(C)(C)C","vinyl"
"128","C=C(C)C(=O)OCC(C)(C)C","('C=C(C)C(=O)OCC(C)(C)C',)","[]","0","CC(C)(C)COC(=O)C(C)([Rn])CCC(C)([Rn])C(=O)OCC(C)(C)C","vinyl"
"129","C=C(C)C(=O)OCC(C)(C)C","('C=C(C)C(=O)OCC(C)(C)C',)","[]","0","CC(C)(C)COC(=O)C(C)([Rn])CC(C)(C[Rn])C(=O)OCC(C)(C)C","vinyl"
"130","Clc1ccccc1C=C","('C=Cc1ccccc1Cl',)","[]","0","Clc1ccccc1C([Rn])CC(C[Rn])c1ccccc1Cl","vinyl"
"131","Clc1ccccc1C=C","('C=Cc1ccccc1Cl',)","[]","0","Clc1ccccc1C(C[Rn])C(C[Rn])c1ccccc1Cl","vinyl"
"132","Clc1ccccc1C=C","('C=Cc1ccccc1Cl',)","[]","0","Clc1ccccc1C([Rn])CCC([Rn])c1ccccc1Cl","vinyl"
"133","Clc1ccccc1C=C","('C=Cc1ccccc1Cl',)","[]","0","Clc1ccccc1C([Rn])CC(C[Rn])c1ccccc1Cl","vinyl"
"134","CCc1ccccc1C=C","('C=Cc1ccccc1CC',)","[]","0","CCc1ccccc1C([Rn])CC(C[Rn])c1ccccc1CC","vinyl"
"135","CCc1ccccc1C=C","('C=Cc1ccccc1CC',)","[]","0","CCc1ccccc1C(C[Rn])C(C[Rn])c1ccccc1CC","vinyl"
"136","CCc1ccccc1C=C","('C=Cc1ccccc1CC',)","[]","0","CCc1ccccc1C([Rn])CCC([Rn])c1ccccc1CC","vinyl"
"137","CCc1ccccc1C=C","('C=Cc1ccccc1CC',)","[]","0","CCc1ccccc1C([Rn])CC(C[Rn])c1ccccc1CC","vinyl"
"138","Fc1ccccc1C=C","('C=Cc1ccccc1F',)","[]","0","Fc1ccccc1C([Rn])CC(C[Rn])c1ccccc1F","vinyl"
"139","Fc1ccccc1C=C","('C=Cc1ccccc1F',)","[]","0","Fc1ccccc1C(C[Rn])C(C[Rn])c1ccccc1F","vinyl"
"140","Fc1ccccc1C=C","('C=Cc1ccccc1F',)","[]","0","Fc1ccccc1C([Rn])CCC([Rn])c1ccccc1F","vinyl"
"141","Fc1ccccc1C=C","('C=Cc1ccccc1F',)","[]","0","Fc1ccccc1C([Rn])CC(C[Rn])c1ccccc1F","vinyl"
"142","OCc1ccccc1C=C","('C=Cc1ccccc1CO',)","[]","0","OCc1ccccc1C([Rn])CC(C[Rn])c1ccccc1CO","vinyl"
"143","OCc1ccccc1C=C","('C=Cc1ccccc1CO',)","[]","0","OCc1ccccc1C(C[Rn])C(C[Rn])c1ccccc1CO","vinyl"
"144","OCc1ccccc1C=C","('C=Cc1ccccc1CO',)","[]","0","OCc1ccccc1C([Rn])CCC([Rn])c1ccccc1CO","vinyl"
"145","OCc1ccccc1C=C","('C=Cc1ccccc1CO',)","[]","0","OCc1ccccc1C([Rn])CC(C[Rn])c1ccccc1CO","vinyl"
"146","Cc1ccccc1C=C","('C=Cc1ccccc1C',)","[]","0","Cc1ccccc1C([Rn])CC(C[Rn])c1ccccc1C","vinyl"
"147","Cc1ccccc1C=C","('C=Cc1ccccc1C',)","[]","0","Cc1ccccc1C(C[Rn])C(C[Rn])c1ccccc1C","vinyl"
"148","Cc1ccccc1C=C","('C=Cc1ccccc1C',)","[]","0","Cc1ccccc1C([Rn])CCC([Rn])c1ccccc1C","vinyl"
"149","Cc1ccccc1C=C","('C=Cc1ccccc1C',)","[]","0","Cc1ccccc1C([Rn])CC(C[Rn])c1ccccc1C","vinyl"
"150","CCCCCCCCOc1ccccc1C=C","('C=Cc1ccccc1OCCCCCCCC',)","[]","0","CCCCCCCCOc1ccccc1C([Rn])CC(C[Rn])c1ccccc1OCCCCCCCC","vinyl"
"151","CCCCCCCCOc1ccccc1C=C","('C=Cc1ccccc1OCCCCCCCC',)","[]","0","CCCCCCCCOc1ccccc1C(C[Rn])C(C[Rn])c1ccccc1OCCCCCCCC","vinyl"
"152","CCCCCCCCOc1ccccc1C=C","('C=Cc1ccccc1OCCCCCCCC',)","[]","0","CCCCCCCCOc1ccccc1C([Rn])CCC([Rn])c1ccccc1OCCCCCCCC","vinyl"
"153","CCCCCCCCOc1ccccc1C=C","('C=Cc1ccccc1OCCCCCCCC',)","[]","0","CCCCCCCCOc1ccccc1C([Rn])CC(C[Rn])c1ccccc1OCCCCCCCC","vinyl"
"154","CC=C(Cl)C(=O)OCC","('CC=C(Cl)C(=O)OCC',)","[]","0","CCOC(=O)C(Cl)([Rn])C(C)C(Cl)(C(=O)OCC)C(C)[Rn]","vinyl"
"155","CC=C(Cl)C(=O)OCC","('CC=C(Cl)C(=O)OCC',)","[]","0","CCOC(=O)C(Cl)(C(C)[Rn])C(Cl)(C(=O)OCC)C(C)[Rn]","vinyl"
"156","CC=C(Cl)C(=O)OCC","('CC=C(Cl)C(=O)OCC',)","[]","0","CCOC(=O)C(Cl)([Rn])C(C)C(C)C(Cl)([Rn])C(=O)OCC","vinyl"
"157","CC=C(Cl)C(=O)OCC","('CC=C(Cl)C(=O)OCC',)","[]","0","CCOC(=O)C(Cl)([Rn])C(C)C(Cl)(C(=O)OCC)C(C)[Rn]","vinyl"
"158","CCC=C(Cl)C(=O)OCC","('CCC=C(Cl)C(=O)OCC',)","[]","0","CCOC(=O)C(Cl)([Rn])C(CC)C(Cl)(C(=O)OCC)C([Rn])CC","vinyl"
"159","CCC=C(Cl)C(=O)OCC","('CCC=C(Cl)C(=O)OCC',)","[]","0","CCOC(=O)C(Cl)(C([Rn])CC)C(Cl)(C(=O)OCC)C([Rn])CC","vinyl"
"160","CCC=C(Cl)C(=O)OCC","('CCC=C(Cl)C(=O)OCC',)","[]","0","CCOC(=O)C(Cl)([Rn])C(CC)C(CC)C(Cl)([Rn])C(=O)OCC","vinyl"
"161","CCC=C(Cl)C(=O)OCC","('CCC=C(Cl)C(=O)OCC',)","[]","0","CCOC(=O)C(Cl)([Rn])C(CC)C(Cl)(C(=O)OCC)C([Rn])CC","vinyl"
"162","C=Cc1ccncc1","('C=Cc1ccncc1',)","[]","0","[Rn]CC(CC([Rn])c1ccncc1)c1ccncc1","vinyl"
"163","C=Cc1ccncc1","('C=Cc1ccncc1',)","[]","0","[Rn]CC(c1ccncc1)C(C[Rn])c1ccncc1","vinyl"
"164","C=Cc1ccncc1","('C=Cc1ccncc1',)","[]","0","[Rn]C(CCC([Rn])c1ccncc1)c1ccncc1","vinyl"
"165","C=Cc1ccncc1","('C=Cc1ccncc1',)","[]","0","[Rn]C(CC(C[Rn])c1ccncc1)c1ccncc1","vinyl"
"167","CCCCCCCCCCOC=C","('C=COCCCCCCCCCC',)","[]","0","CCCCCCCCCCOC([Rn])CC(C[Rn])OCCCCCCCCCC","vinyl"
"168","CCCCCCCCCCOC=C","('C=COCCCCCCCCCC',)","[]","0","CCCCCCCCCCOC(C[Rn])C(C[Rn])OCCCCCCCCCC","vinyl"
"169","CCCCCCCCCCOC=C","('C=COCCCCCCCCCC',)","[]","0","CCCCCCCCCCOC([Rn])CCC([Rn])OCCCCCCCCCC","vinyl"
"170","CCCCCCCCCCOC=C","('C=COCCCCCCCCCC',)","[]","0","CCCCCCCCCCOC([Rn])CC(C[Rn])OCCCCCCCCCC","vinyl"
"171","CCCCCCCCCCCCOC=C","('C=COCCCCCCCCCCCC',)","[]","0","CCCCCCCCCCCCOC([Rn])CC(C[Rn])OCCCCCCCCCCCC","vinyl"
"172","CCCCCCCCCCCCOC=C","('C=COCCCCCCCCCCCC',)","[]","0","CCCCCCCCCCCCOC(C[Rn])C(C[Rn])OCCCCCCCCCCCC","vinyl"
"173","CCCCCCCCCCCCOC=C","('C=COCCCCCCCCCCCC',)","[]","0","CCCCCCCCCCCCOC([Rn])CCC([Rn])OCCCCCCCCCCCC","vinyl"
"174","CCCCCCCCCCCCOC=C","('C=COCCCCCCCCCCCC',)","[]","0","CCCCCCCCCCCCOC([Rn])CC(C[Rn])OCCCCCCCCCCCC","vinyl"
"175","CCCCCCOC=C","('C=COCCCCCC',)","[]","0","CCCCCCOC([Rn])CC(C[Rn])OCCCCCC","vinyl"
"176","CCCCCCOC=C","('C=COCCCCCC',)","[]","0","CCCCCCOC(C[Rn])C(C[Rn])OCCCCCC","vinyl"
"177","CCCCCCOC=C","('C=COCCCCCC',)","[]","0","CCCCCCOC([Rn])CCC([Rn])OCCCCCC","vinyl"
"178","CCCCCCOC=C","('C=COCCCCCC',)","[]","0","CCCCCCOC([Rn])CC(C[Rn])OCCCCCC","vinyl"
"179","CCCCCCCCOC=C","('C=COCCCCCCCC',)","[]","0","CCCCCCCCOC([Rn])CC(C[Rn])OCCCCCCCC","vinyl"
"180","CCCCCCCCOC=C","('C=COCCCCCCCC',)","[]","0","CCCCCCCCOC(C[Rn])C(C[Rn])OCCCCCCCC","vinyl"
"181","CCCCCCCCOC=C","('C=COCCCCCCCC',)","[]","0","CCCCCCCCOC([Rn])CCC([Rn])OCCCCCCCC","vinyl"
"182","CCCCCCCCOC=C","('C=COCCCCCCCC',)","[]","0","CCCCCCCCOC([Rn])CC(C[Rn])OCCCCCCCC","vinyl"
"183","CCCCCOC=C","('C=COCCCCC',)","[]","0","CCCCCOC([Rn])CC(C[Rn])OCCCCC","vinyl"
"184","CCCCCOC=C","('C=COCCCCC',)","[]","0","CCCCCOC(C[Rn])C(C[Rn])OCCCCC","vinyl"
"185","CCCCCOC=C","('C=COCCCCC',)","[]","0","CCCCCOC([Rn])CCC([Rn])OCCCCC","vinyl"
"186","CCCCCOC=C","('C=COCCCCC',)","[]","0","CCCCCOC([Rn])CC(C[Rn])OCCCCC","vinyl"
"187","CCC(=O)OC=C","('C=COC(=O)CC',)","[]","0","CCC(=O)OC([Rn])CC(C[Rn])OC(=O)CC","vinyl"
"188","CCC(=O)OC=C","('C=COC(=O)CC',)","[]","0","CCC(=O)OC(C[Rn])C(C[Rn])OC(=O)CC","vinyl"
"189","CCC(=O)OC=C","('C=COC(=O)CC',)","[]","0","CCC(=O)OC([Rn])CCC([Rn])OC(=O)CC","vinyl"
"190","CCC(=O)OC=C","('C=COC(=O)CC',)","[]","0","CCC(=O)OC([Rn])CC(C[Rn])OC(=O)CC","vinyl"
"191","CCC(C)OC=C","('C=COC(C)CC',)","[]","0","CCC(C)OC([Rn])CC(C[Rn])OC(C)CC","vinyl"
"192","CCC(C)OC=C","('C=COC(C)CC',)","[]","0","CCC(C)OC(C[Rn])C(C[Rn])OC(C)CC","vinyl"
"193","CCC(C)OC=C","('C=COC(C)CC',)","[]","0","CCC(C)OC([Rn])CCC([Rn])OC(C)CC","vinyl"
"194","CCC(C)OC=C","('C=COC(C)CC',)","[]","0","CCC(C)OC([Rn])CC(C[Rn])OC(C)CC","vinyl"
"195","O=C(OC=C)C(F)(F)F","('C=COC(=O)C(F)(F)F',)","[]","0","O=C(OC([Rn])CC(C[Rn])OC(=O)C(F)(F)F)C(F)(F)F","vinyl"
"196","O=C(OC=C)C(F)(F)F","('C=COC(=O)C(F)(F)F',)","[]","0","O=C(OC(C[Rn])C(C[Rn])OC(=O)C(F)(F)F)C(F)(F)F","vinyl"
"197","O=C(OC=C)C(F)(F)F","('C=COC(=O)C(F)(F)F',)","[]","0","O=C(OC([Rn])CCC([Rn])OC(=O)C(F)(F)F)C(F)(F)F","vinyl"
"198","O=C(OC=C)C(F)(F)F","('C=COC(=O)C(F)(F)F',)","[]","0","O=C(OC([Rn])CC(C[Rn])OC(=O)C(F)(F)F)C(F)(F)F","vinyl"
"199","C=C(Cl)Cl","('C=C(Cl)Cl',)","[]","0","ClC(Cl)([Rn])CC(Cl)(Cl)C[Rn]","vinyl"
"200","C=C(Cl)Cl","('C=C(Cl)Cl',)","[]","0","ClC(Cl)(C[Rn])C(Cl)(Cl)C[Rn]","vinyl"
"201","C=C(Cl)Cl","('C=C(Cl)Cl',)","[]","0","ClC(Cl)([Rn])CCC(Cl)(Cl)[Rn]","vinyl"
"202","C=C(Cl)Cl","('C=C(Cl)Cl',)","[]","0","ClC(Cl)([Rn])CC(Cl)(Cl)C[Rn]","vinyl"
"203","C=C(F)F","('C=C(F)F',)","[]","0","FC(F)([Rn])CC(F)(F)C[Rn]","vinyl"
"204","C=C(F)F","('C=C(F)F',)","[]","0","FC(F)(C[Rn])C(F)(F)C[Rn]","vinyl"
"205","C=C(F)F","('C=C(F)F',)","[]","0","FC(F)([Rn])CCC(F)(F)[Rn]","vinyl"
"206","C=C(F)F","('C=C(F)F',)","[]","0","FC(F)([Rn])CC(F)(F)C[Rn]","vinyl"
"208","C=C(C)C(=O)OC(C)c1ccccc1Cl","('C=C(C)C(=O)OC(C)c1ccccc1Cl',)","[]","0","CC(OC(=O)C(C)([Rn])CC(C)(C[Rn])C(=O)OC(C)c1ccccc1Cl)c1ccccc1Cl","vinyl"
"209","C=C(C)C(=O)OC(C)c1ccccc1Cl","('C=C(C)C(=O)OC(C)c1ccccc1Cl',)","[]","0","CC(OC(=O)C(C)(C[Rn])C(C)(C[Rn])C(=O)OC(C)c1ccccc1Cl)c1ccccc1Cl","vinyl"
"210","C=C(C)C(=O)OC(C)c1ccccc1Cl","('C=C(C)C(=O)OC(C)c1ccccc1Cl',)","[]","0","CC(OC(=O)C(C)([Rn])CCC(C)([Rn])C(=O)OC(C)c1ccccc1Cl)c1ccccc1Cl","vinyl"
"211","C=C(C)C(=O)OC(C)c1ccccc1Cl","('C=C(C)C(=O)OC(C)c1ccccc1Cl',)","[]","0","CC(OC(=O)C(C)([Rn])CC(C)(C[Rn])C(=O)OC(C)c1ccccc1Cl)c1ccccc1Cl","vinyl"
"214","NC(=O)C=C","('C=CC(N)=O',)","[]","0","NC(=O)C([Rn])CC(C[Rn])C(N)=O","vinyl"
"215","NC(=O)C=C","('C=CC(N)=O',)","[]","0","NC(=O)C(C[Rn])C(C[Rn])C(N)=O","vinyl"
"216","NC(=O)C=C","('C=CC(N)=O',)","[]","0","NC(=O)C([Rn])CCC([Rn])C(N)=O","vinyl"
"217","NC(=O)C=C","('C=CC(N)=O',)","[]","0","NC(=O)C([Rn])CC(C[Rn])C(N)=O","vinyl"
"219","OC(=O)C(O)C","('CC(O)C(=O)O',)","[]","0","CC(O)C(=O)[Rn]OC(C)C(=O)O","ester"
"220","CCCCSC=C","('C=CSCCCC',)","[]","0","CCCCSC([Rn])CC(C[Rn])SCCCC","vinyl"
"221","CCCCSC=C","('C=CSCCCC',)","[]","0","CCCCSC(C[Rn])C(C[Rn])SCCCC","vinyl"
"222","CCCCSC=C","('C=CSCCCC',)","[]","0","CCCCSC([Rn])CCC([Rn])SCCCC","vinyl"
"223","CCCCSC=C","('C=CSCCCC',)","[]","0","CCCCSC([Rn])CC(C[Rn])SCCCC","vinyl"
"224","CCCCOC=C","('C=COCCCC',)","[]","0","CCCCOC([Rn])CC(C[Rn])OCCCC","vinyl"
"225","CCCCOC=C","('C=COCCCC',)","[]","0","CCCCOC(C[Rn])C(C[Rn])OCCCC","vinyl"
"226","CCCCOC=C","('C=COCCCC',)","[]","0","CCCCOC([Rn])CCC([Rn])OCCCC","vinyl"
"227","CCCCOC=C","('C=COCCCC',)","[]","0","CCCCOC([Rn])CC(C[Rn])OCCCC","vinyl"
"228","CSC=C","('C=CSC',)","[]","0","CSC([Rn])CC(C[Rn])SC","vinyl"
"229","CSC=C","('C=CSC',)","[]","0","CSC(C[Rn])C(C[Rn])SC","vinyl"
"230","CSC=C","('C=CSC',)","[]","0","CSC([Rn])CCC([Rn])SC","vinyl"
"231","CSC=C","('C=CSC',)","[]","0","CSC([Rn])CC(C[Rn])SC","vinyl"
"232","CC(=O)C=C","('C=CC(C)=O',)","[]","0","CC(=O)C([Rn])CC(C[Rn])C(C)=O","vinyl"
"233","CC(=O)C=C","('C=CC(C)=O',)","[]","0","CC(=O)C(C[Rn])C(C[Rn])C(C)=O","vinyl"
"234","CC(=O)C=C","('C=CC(C)=O',)","[]","0","CC(=O)C([Rn])CCC([Rn])C(C)=O","vinyl"
"235","CC(=O)C=C","('C=CC(C)=O',)","[]","0","CC(=O)C([Rn])CC(C[Rn])C(C)=O","vinyl"
"236","CCC(C)OC(=O)C=C","('C=CC(=O)OC(C)CC',)","[]","0","CCC(C)OC(=O)C([Rn])CC(C[Rn])C(=O)OC(C)CC","vinyl"
"237","CCC(C)OC(=O)C=C","('C=CC(=O)OC(C)CC',)","[]","0","CCC(C)OC(=O)C(C[Rn])C(C[Rn])C(=O)OC(C)CC","vinyl"
"238","CCC(C)OC(=O)C=C","('C=CC(=O)OC(C)CC',)","[]","0","CCC(C)OC(=O)C([Rn])CCC([Rn])C(=O)OC(C)CC","vinyl"
"239","CCC(C)OC(=O)C=C","('C=CC(=O)OC(C)CC',)","[]","0","CCC(C)OC(=O)C([Rn])CC(C[Rn])C(=O)OC(C)CC","vinyl"
"240","CC=C(Cl)C(=O)OC(C)C","('CC=C(Cl)C(=O)OC(C)C',)","[]","0","CC(C)OC(=O)C(Cl)([Rn])C(C)C(Cl)(C(=O)OC(C)C)C(C)[Rn]","vinyl"
"241","CC=C(Cl)C(=O)OC(C)C","('CC=C(Cl)C(=O)OC(C)C',)","[]","0","CC(C)OC(=O)C(Cl)(C(C)[Rn])C(Cl)(C(=O)OC(C)C)C(C)[Rn]","vinyl"
"242","CC=C(Cl)C(=O)OC(C)C","('CC=C(Cl)C(=O)OC(C)C',)","[]","0","CC(C)OC(=O)C(Cl)([Rn])C(C)C(C)C(Cl)([Rn])C(=O)OC(C)C","vinyl"
"243","CC=C(Cl)C(=O)OC(C)C","('CC=C(Cl)C(=O)OC(C)C',)","[]","0","CC(C)OC(=O)C(Cl)([Rn])C(C)C(Cl)(C(=O)OC(C)C)C(C)[Rn]","vinyl"
"244","CC=C(C)C(=O)OC(C)C","('CC=C(C)C(=O)OC(C)C',)","[]","0","CC(C)OC(=O)C(C)([Rn])C(C)C(C)(C(=O)OC(C)C)C(C)[Rn]","vinyl"
"245","CC=C(C)C(=O)OC(C)C","('CC=C(C)C(=O)OC(C)C',)","[]","0","CC(C)OC(=O)C(C)(C(C)[Rn])C(C)(C(=O)OC(C)C)C(C)[Rn]","vinyl"
"246","CC=C(C)C(=O)OC(C)C","('CC=C(C)C(=O)OC(C)C',)","[]","0","CC(C)OC(=O)C(C)([Rn])C(C)C(C)C(C)([Rn])C(=O)OC(C)C","vinyl"
"247","CC=C(C)C(=O)OC(C)C","('CC=C(C)C(=O)OC(C)C',)","[]","0","CC(C)OC(=O)C(C)([Rn])C(C)C(C)(C(=O)OC(C)C)C(C)[Rn]","vinyl"
"248","CC(C)(C)OC(=O)C=C","('C=CC(=O)OC(C)(C)C',)","[]","0","CC(C)(C)OC(=O)C([Rn])CC(C[Rn])C(=O)OC(C)(C)C","vinyl"
"249","CC(C)(C)OC(=O)C=C","('C=CC(=O)OC(C)(C)C',)","[]","0","CC(C)(C)OC(=O)C(C[Rn])C(C[Rn])C(=O)OC(C)(C)C","vinyl"
"250","CC(C)(C)OC(=O)C=C","('C=CC(=O)OC(C)(C)C',)","[]","0","CC(C)(C)OC(=O)C([Rn])CCC([Rn])C(=O)OC(C)(C)C","vinyl"
"251","CC(C)(C)OC(=O)C=C","('C=CC(=O)OC(C)(C)C',)","[]","0","CC(C)(C)OC(=O)C([Rn])CC(C[Rn])C(=O)OC(C)(C)C","vinyl"
"252","C=C(C)C(=O)OC(C)(C)C","('C=C(C)C(=O)OC(C)(C)C',)","[]","0","CC(C)(C)OC(=O)C(C)([Rn])CC(C)(C[Rn])C(=O)OC(C)(C)C","vinyl"
"253","C=C(C)C(=O)OC(C)(C)C","('C=C(C)C(=O)OC(C)(C)C',)","[]","0","CC(C)(C)OC(=O)C(C)(C[Rn])C(C)(C[Rn])C(=O)OC(C)(C)C","vinyl"
"254","C=C(C)C(=O)OC(C)(C)C","('C=C(C)C(=O)OC(C)(C)C',)","[]","0","CC(C)(C)OC(=O)C(C)([Rn])CCC(C)([Rn])C(=O)OC(C)(C)C","vinyl"
"255","C=C(C)C(=O)OC(C)(C)C","('C=C(C)C(=O)OC(C)(C)C',)","[]","0","CC(C)(C)OC(=O)C(C)([Rn])CC(C)(C[Rn])C(=O)OC(C)(C)C","vinyl"
"258","CCCCC(CC)COC=C","('C=COCC(CC)CCCC',)","[]","0","CCCCC(CC)COC([Rn])CC(C[Rn])OCC(CC)CCCC","vinyl"
"259","CCCCC(CC)COC=C","('C=COCC(CC)CCCC',)","[]","0","CCCCC(CC)COC(C[Rn])C(C[Rn])OCC(CC)CCCC","vinyl"
"260","CCCCC(CC)COC=C","('C=COCC(CC)CCCC',)","[]","0","CCCCC(CC)COC([Rn])CCC([Rn])OCC(CC)CCCC","vinyl"
"261","CCCCC(CC)COC=C","('C=COCC(CC)CCCC',)","[]","0","CCCCC(CC)COC([Rn])CC(C[Rn])OCC(CC)CCCC","vinyl"
"262","C=C(C)C(=O)Oc1ccccc1","('C=C(C)C(=O)Oc1ccccc1',)","[]","0","CC([Rn])(CC(C)(C[Rn])C(=O)Oc1ccccc1)C(=O)Oc1ccccc1","vinyl"
"263","C=C(C)C(=O)Oc1ccccc1","('C=C(C)C(=O)Oc1ccccc1',)","[]","0","CC(C[Rn])(C(=O)Oc1ccccc1)C(C)(C[Rn])C(=O)Oc1ccccc1","vinyl"
"264","C=C(C)C(=O)Oc1ccccc1","('C=C(C)C(=O)Oc1ccccc1',)","[]","0","CC([Rn])(CCC(C)([Rn])C(=O)Oc1ccccc1)C(=O)Oc1ccccc1","vinyl"
"265","C=C(C)C(=O)Oc1ccccc1","('C=C(C)C(=O)Oc1ccccc1',)","[]","0","CC([Rn])(CC(C)(C[Rn])C(=O)Oc1ccccc1)C(=O)Oc1ccccc1","vinyl"
"266","CC(=O)OC=C","('C=COC(C)=O',)","[]","0","CC(=O)OC([Rn])CC(C[Rn])OC(C)=O","vinyl"
"267","CC(=O)OC=C","('C=COC(C)=O',)","[]","0","CC(=O)OC(C[Rn])C(C[Rn])OC(C)=O","vinyl"
"268","CC(=O)OC=C","('C=COC(C)=O',)","[]","0","CC(=O)OC([Rn])CCC([Rn])OC(C)=O","vinyl"
"269","CC(=O)OC=C","('C=COC(C)=O',)","[]","0","CC(=O)OC([Rn])CC(C[Rn])OC(C)=O","vinyl"
"270","CCCC(=O)OC=C","('C=COC(=O)CCC',)","[]","0","CCCC(=O)OC([Rn])CC(C[Rn])OC(=O)CCC","vinyl"
"271","CCCC(=O)OC=C","('C=COC(=O)CCC',)","[]","0","CCCC(=O)OC(C[Rn])C(C[Rn])OC(=O)CCC","vinyl"
"272","CCCC(=O)OC=C","('C=COC(=O)CCC',)","[]","0","CCCC(=O)OC([Rn])CCC([Rn])OC(=O)CCC","vinyl"
"273","CCCC(=O)OC=C","('C=COC(=O)CCC',)","[]","0","CCCC(=O)OC([Rn])CC(C[Rn])OC(=O)CCC","vinyl"
"274","ClC=C","('C=CCl',)","[]","0","ClC([Rn])CC(Cl)C[Rn]","vinyl"
"275","ClC=C","('C=CCl',)","[]","0","ClC(C[Rn])C(Cl)C[Rn]","vinyl"
"276","ClC=C","('C=CCl',)","[]","0","ClC([Rn])CCC(Cl)[Rn]","vinyl"
"277","ClC=C","('C=CCl',)","[]","0","ClC([Rn])CC(Cl)C[Rn]","vinyl"
"278","O=C(CCl)OC=C","('C=COC(=O)CCl',)","[]","0","O=C(CCl)OC([Rn])CC(C[Rn])OC(=O)CCl","vinyl"
"279","O=C(CCl)OC=C","('C=COC(=O)CCl',)","[]","0","O=C(CCl)OC(C[Rn])C(C[Rn])OC(=O)CCl","vinyl"
"280","O=C(CCl)OC=C","('C=COC(=O)CCl',)","[]","0","O=C(CCl)OC([Rn])CCC([Rn])OC(=O)CCl","vinyl"
"281","O=C(CCl)OC=C","('C=COC(=O)CCl',)","[]","0","O=C(CCl)OC([Rn])CC(C[Rn])OC(=O)CCl","vinyl"
"282","C=CC1CCCCC1","('C=CC1CCCCC1',)","[]","0","[Rn]CC(CC([Rn])C1CCCCC1)C1CCCCC1","vinyl"
"283","C=CC1CCCCC1","('C=CC1CCCCC1',)","[]","0","[Rn]CC(C1CCCCC1)C(C[Rn])C1CCCCC1","vinyl"
"284","C=CC1CCCCC1","('C=CC1CCCCC1',)","[]","0","[Rn]C(CCC([Rn])C1CCCCC1)C1CCCCC1","vinyl"
"285","C=CC1CCCCC1","('C=CC1CCCCC1',)","[]","0","[Rn]C(CC(C[Rn])C1CCCCC1)C1CCCCC1","vinyl"
"286","CCOC=C","('C=COCC',)","[]","0","CCOC([Rn])CC(C[Rn])OCC","vinyl"
"287","CCOC=C","('C=COCC',)","[]","0","CCOC(C[Rn])C(C[Rn])OCC","vinyl"
"288","CCOC=C","('C=COCC',)","[]","0","CCOC([Rn])CCC([Rn])OCC","vinyl"
"289","CCOC=C","('C=COCC',)","[]","0","CCOC([Rn])CC(C[Rn])OCC","vinyl"
"290","O=COC=C","('C=COC=O',)","[]","0","O=COC([Rn])CC(C[Rn])OC=O","vinyl"
"291","O=COC=C","('C=COC=O',)","[]","0","O=COC(C[Rn])C(C[Rn])OC=O","vinyl"
"292","O=COC=C","('C=COC=O',)","[]","0","O=COC([Rn])CCC([Rn])OC=O","vinyl"
"293","O=COC=C","('C=COC=O',)","[]","0","O=COC([Rn])CC(C[Rn])OC=O","vinyl"
"294","CC(C)COC=C","('C=COCC(C)C',)","[]","0","CC(C)COC([Rn])CC(C[Rn])OCC(C)C","vinyl"
"295","CC(C)COC=C","('C=COCC(C)C',)","[]","0","CC(C)COC(C[Rn])C(C[Rn])OCC(C)C","vinyl"
"296","CC(C)COC=C","('C=COCC(C)C',)","[]","0","CC(C)COC([Rn])CCC([Rn])OCC(C)C","vinyl"
"297","CC(C)COC=C","('C=COCC(C)C',)","[]","0","CC(C)COC([Rn])CC(C[Rn])OCC(C)C","vinyl"
"298","CC(C)OC=C","('C=COC(C)C',)","[]","0","CC(C)OC([Rn])CC(C[Rn])OC(C)C","vinyl"
"299","CC(C)OC=C","('C=COC(C)C',)","[]","0","CC(C)OC(C[Rn])C(C[Rn])OC(C)C","vinyl"
"300","CC(C)OC=C","('C=COC(C)C',)","[]","0","CC(C)OC([Rn])CCC([Rn])OC(C)C","vinyl"
"301","CC(C)OC=C","('C=COC(C)C',)","[]","0","CC(C)OC([Rn])CC(C[Rn])OC(C)C","vinyl"
"302","OC=C","('C=CO',)","[]","0","OC([Rn])CC(O)C[Rn]","vinyl"
"303","OC=C","('C=CO',)","[]","0","OC(C[Rn])C(O)C[Rn]","vinyl"
"304","OC=C","('C=CO',)","[]","0","OC([Rn])CCC(O)[Rn]","vinyl"
"305","OC=C","('C=CO',)","[]","0","OC([Rn])CC(O)C[Rn]","vinyl"
"306","CCCCOC(=O)C=C","('C=CC(=O)OCCCC',)","[]","0","CCCCOC(=O)C([Rn])CC(C[Rn])C(=O)OCCCC","vinyl"
"307","CCCCOC(=O)C=C","('C=CC(=O)OCCCC',)","[]","0","CCCCOC(=O)C(C[Rn])C(C[Rn])C(=O)OCCCC","vinyl"
"308","CCCCOC(=O)C=C","('C=CC(=O)OCCCC',)","[]","0","CCCCOC(=O)C([Rn])CCC([Rn])C(=O)OCCCC","vinyl"
"309","CCCCOC(=O)C=C","('C=CC(=O)OCCCC',)","[]","0","CCCCOC(=O)C([Rn])CC(C[Rn])C(=O)OCCCC","vinyl"
"310","C=C(C)C(=O)OC","('C=C(C)C(=O)OC',)","[]","0","COC(=O)C(C)([Rn])CC(C)(C[Rn])C(=O)OC","vinyl"
"311","C=C(C)C(=O)OC","('C=C(C)C(=O)OC',)","[]","0","COC(=O)C(C)(C[Rn])C(C)(C[Rn])C(=O)OC","vinyl"
"312","C=C(C)C(=O)OC","('C=C(C)C(=O)OC',)","[]","0","COC(=O)C(C)([Rn])CCC(C)([Rn])C(=O)OC","vinyl"
"313","C=C(C)C(=O)OC","('C=C(C)C(=O)OC',)","[]","0","COC(=O)C(C)([Rn])CC(C)(C[Rn])C(=O)OC","vinyl"
"314","C=C(C#N)C(=O)OC","('C=C(C#N)C(=O)OC',)","[]","0","COC(=O)C([Rn])(C#N)CC(C#N)(C[Rn])C(=O)OC","vinyl"
"315","C=C(C#N)C(=O)OC","('C=C(C#N)C(=O)OC',)","[]","0","COC(=O)C(C#N)(C[Rn])C(C#N)(C[Rn])C(=O)OC","vinyl"
"316","C=C(C#N)C(=O)OC","('C=C(C#N)C(=O)OC',)","[]","0","COC(=O)C([Rn])(C#N)CCC([Rn])(C#N)C(=O)OC","vinyl"
"317","C=C(C#N)C(=O)OC","('C=C(C#N)C(=O)OC',)","[]","0","COC(=O)C([Rn])(C#N)CC(C#N)(C[Rn])C(=O)OC","vinyl"
"318","Fc1ccc(F)c(C=C)c1","('C=Cc1cc(F)ccc1F',)","[]","0","Fc1ccc(F)c(C([Rn])CC(C[Rn])c2cc(F)ccc2F)c1","vinyl"
"319","Fc1ccc(F)c(C=C)c1","('C=Cc1cc(F)ccc1F',)","[]","0","Fc1ccc(F)c(C(C[Rn])C(C[Rn])c2cc(F)ccc2F)c1","vinyl"
"320","Fc1ccc(F)c(C=C)c1","('C=Cc1cc(F)ccc1F',)","[]","0","Fc1ccc(F)c(C([Rn])CCC([Rn])c2cc(F)ccc2F)c1","vinyl"
"321","Fc1ccc(F)c(C=C)c1","('C=Cc1cc(F)ccc1F',)","[]","0","Fc1ccc(F)c(C([Rn])CC(C[Rn])c2cc(F)ccc2F)c1","vinyl"
"322","Cc1ccc(C)c(C=C)c1","('C=Cc1cc(C)ccc1C',)","[]","0","Cc1ccc(C)c(C([Rn])CC(C[Rn])c2cc(C)ccc2C)c1","vinyl"
"323","Cc1ccc(C)c(C=C)c1","('C=Cc1cc(C)ccc1C',)","[]","0","Cc1ccc(C)c(C(C[Rn])C(C[Rn])c2cc(C)ccc2C)c1","vinyl"
"324","Cc1ccc(C)c(C=C)c1","('C=Cc1cc(C)ccc1C',)","[]","0","Cc1ccc(C)c(C([Rn])CCC([Rn])c2cc(C)ccc2C)c1","vinyl"
"325","Cc1ccc(C)c(C=C)c1","('C=Cc1cc(C)ccc1C',)","[]","0","Cc1ccc(C)c(C([Rn])CC(C[Rn])c2cc(C)ccc2C)c1","vinyl"
"326","C=C(Br)C=C","('C=CC(=C)Br',)","[]","0","C=C(Br)C([Rn])CC(C[Rn])C(=C)Br","vinyl"
"327","C=C(Br)C=C","('C=CC(=C)Br',)","[]","0","C=C(Br)C(C[Rn])C(C[Rn])C(=C)Br","vinyl"
"328","C=C(Br)C=C","('C=CC(=C)Br',)","[]","0","C=CC(Br)(C[Rn])C(C[Rn])C(=C)Br","vinyl"
"329","C=C(Br)C=C","('C=CC(=C)Br',)","[]","0","C=CC(Br)([Rn])CC(C[Rn])C(=C)Br","vinyl"
"330","C=C(C)C(=O)OCCCl","('C=C(C)C(=O)OCCCl',)","[]","0","CC([Rn])(CC(C)(C[Rn])C(=O)OCCCl)C(=O)OCCCl","vinyl"
"331","C=C(C)C(=O)OCCCl","('C=C(C)C(=O)OCCCl',)","[]","0","CC(C[Rn])(C(=O)OCCCl)C(C)(C[Rn])C(=O)OCCCl","vinyl"
"332","C=C(C)C(=O)OCCCl","('C=C(C)C(=O)OCCCl',)","[]","0","CC([Rn])(CCC(C)([Rn])C(=O)OCCCl)C(=O)OCCCl","vinyl"
"333","C=C(C)C(=O)OCCCl","('C=C(C)C(=O)OCCCl',)","[]","0","CC([Rn])(CC(C)(C[Rn])C(=O)OCCCl)C(=O)OCCCl","vinyl"
"334","C=C(C)C(=O)OCC(CC)CC","('C=C(C)C(=O)OCC(CC)CC',)","[]","0","CCC(CC)COC(=O)C(C)([Rn])CC(C)(C[Rn])C(=O)OCC(CC)CC","vinyl"
"335","C=C(C)C(=O)OCC(CC)CC","('C=C(C)C(=O)OCC(CC)CC',)","[]","0","CCC(CC)COC(=O)C(C)(C[Rn])C(C)(C[Rn])C(=O)OCC(CC)CC","vinyl"
"336","C=C(C)C(=O)OCC(CC)CC","('C=C(C)C(=O)OCC(CC)CC',)","[]","0","CCC(CC)COC(=O)C(C)([Rn])CCC(C)([Rn])C(=O)OCC(CC)CC","vinyl"
"337","C=C(C)C(=O)OCC(CC)CC","('C=C(C)C(=O)OCC(CC)CC',)","[]","0","CCC(CC)COC(=O)C(C)([Rn])CC(C)(C[Rn])C(=O)OCC(CC)CC","vinyl"
"338","Cc1ccc(F)c(C=C)c1","('C=Cc1cc(C)ccc1F',)","[]","0","Cc1ccc(F)c(C([Rn])CC(C[Rn])c2cc(C)ccc2F)c1","vinyl"
"339","Cc1ccc(F)c(C=C)c1","('C=Cc1cc(C)ccc1F',)","[]","0","Cc1ccc(F)c(C(C[Rn])C(C[Rn])c2cc(C)ccc2F)c1","vinyl"
"340","Cc1ccc(F)c(C=C)c1","('C=Cc1cc(C)ccc1F',)","[]","0","Cc1ccc(F)c(C([Rn])CCC([Rn])c2cc(C)ccc2F)c1","vinyl"
"341","Cc1ccc(F)c(C=C)c1","('C=Cc1cc(C)ccc1F',)","[]","0","Cc1ccc(F)c(C([Rn])CC(C[Rn])c2cc(C)ccc2F)c1","vinyl"
"342","CCCCCC(C)OC(=O)C=C","('C=CC(=O)OC(C)CCCCC',)","[]","0","CCCCCC(C)OC(=O)C([Rn])CC(C[Rn])C(=O)OC(C)CCCCC","vinyl"
"343","CCCCCC(C)OC(=O)C=C","('C=CC(=O)OC(C)CCCCC',)","[]","0","CCCCCC(C)OC(=O)C(C[Rn])C(C[Rn])C(=O)OC(C)CCCCC","vinyl"
"344","CCCCCC(C)OC(=O)C=C","('C=CC(=O)OC(C)CCCCC',)","[]","0","CCCCCC(C)OC(=O)C([Rn])CCC([Rn])C(=O)OC(C)CCCCC","vinyl"
"345","CCCCCC(C)OC(=O)C=C","('C=CC(=O)OC(C)CCCCC',)","[]","0","CCCCCC(C)OC(=O)C([Rn])CC(C[Rn])C(=O)OC(C)CCCCC","vinyl"
"346","C=C(C)C(=O)OCCO","('C=C(C)C(=O)OCCO',)","[]","0","CC([Rn])(CC(C)(C[Rn])C(=O)OCCO)C(=O)OCCO","vinyl"
"347","C=C(C)C(=O)OCCO","('C=C(C)C(=O)OCCO',)","[]","0","CC(C[Rn])(C(=O)OCCO)C(C)(C[Rn])C(=O)OCCO","vinyl"
"348","C=C(C)C(=O)OCCO","('C=C(C)C(=O)OCCO',)","[]","0","CC([Rn])(CCC(C)([Rn])C(=O)OCCO)C(=O)OCCO","vinyl"
"349","C=C(C)C(=O)OCCO","('C=C(C)C(=O)OCCO',)","[]","0","CC([Rn])(CC(C)(C[Rn])C(=O)OCCO)C(=O)OCCO","vinyl"
"350","C=C(C)C(=O)OCC(C)O","('C=C(C)C(=O)OCC(C)O',)","[]","0","CC(O)COC(=O)C(C)([Rn])CC(C)(C[Rn])C(=O)OCC(C)O","vinyl"
"351","C=C(C)C(=O)OCC(C)O","('C=C(C)C(=O)OCC(C)O',)","[]","0","CC(O)COC(=O)C(C)(C[Rn])C(C)(C[Rn])C(=O)OCC(C)O","vinyl"
"352","C=C(C)C(=O)OCC(C)O","('C=C(C)C(=O)OCC(C)O',)","[]","0","CC(O)COC(=O)C(C)([Rn])CCC(C)([Rn])C(=O)OCC(C)O","vinyl"
"353","C=C(C)C(=O)OCC(C)O","('C=C(C)C(=O)OCC(C)O',)","[]","0","CC(O)COC(=O)C(C)([Rn])CC(C)(C[Rn])C(=O)OCC(C)O","vinyl"
"354","C=C(C)C(=O)OCCOC","('C=C(C)C(=O)OCCOC',)","[]","0","COCCOC(=O)C(C)([Rn])CC(C)(C[Rn])C(=O)OCCOC","vinyl"
"355","C=C(C)C(=O)OCCOC","('C=C(C)C(=O)OCCOC',)","[]","0","COCCOC(=O)C(C)(C[Rn])C(C)(C[Rn])C(=O)OCCOC","vinyl"
"356","C=C(C)C(=O)OCCOC","('C=C(C)C(=O)OCCOC',)","[]","0","COCCOC(=O)C(C)([Rn])CCC(C)([Rn])C(=O)OCCOC","vinyl"
"357","C=C(C)C(=O)OCCOC","('C=C(C)C(=O)OCCOC',)","[]","0","COCCOC(=O)C(C)([Rn])CC(C)(C[Rn])C(=O)OCCOC","vinyl"
"358","Cc1cc(Cl)ccc1C=C","('C=Cc1ccc(Cl)cc1C',)","[]","0","Cc1cc(Cl)ccc1C([Rn])CC(C[Rn])c1ccc(Cl)cc1C","vinyl"
"359","Cc1cc(Cl)ccc1C=C","('C=Cc1ccc(Cl)cc1C',)","[]","0","Cc1cc(Cl)ccc1C(C[Rn])C(C[Rn])c1ccc(Cl)cc1C","vinyl"
"360","Cc1cc(Cl)ccc1C=C","('C=Cc1ccc(Cl)cc1C',)","[]","0","Cc1cc(Cl)ccc1C([Rn])CCC([Rn])c1ccc(Cl)cc1C","vinyl"
"361","Cc1cc(Cl)ccc1C=C","('C=Cc1ccc(Cl)cc1C',)","[]","0","Cc1cc(Cl)ccc1C([Rn])CC(C[Rn])c1ccc(Cl)cc1C","vinyl"
"362","Cc1ccc(C(C)(C)C)cc1C=C","('C=Cc1cc(C(C)(C)C)ccc1C',)","[]","0","Cc1ccc(C(C)(C)C)cc1C([Rn])CC(C[Rn])c1cc(C(C)(C)C)ccc1C","vinyl"
"363","Cc1ccc(C(C)(C)C)cc1C=C","('C=Cc1cc(C(C)(C)C)ccc1C',)","[]","0","Cc1ccc(C(C)(C)C)cc1C(C[Rn])C(C[Rn])c1cc(C(C)(C)C)ccc1C","vinyl"
"364","Cc1ccc(C(C)(C)C)cc1C=C","('C=Cc1cc(C(C)(C)C)ccc1C',)","[]","0","Cc1ccc(C(C)(C)C)cc1C([Rn])CCC([Rn])c1cc(C(C)(C)C)ccc1C","vinyl"
"365","Cc1ccc(C(C)(C)C)cc1C=C","('C=Cc1cc(C(C)(C)C)ccc1C',)","[]","0","Cc1ccc(C(C)(C)C)cc1C([Rn])CC(C[Rn])c1cc(C(C)(C)C)ccc1C","vinyl"
"366","CCCCCCC(C)OC(=O)C=C","('C=CC(=O)OC(C)CCCCCC',)","[]","0","CCCCCCC(C)OC(=O)C([Rn])CC(C[Rn])C(=O)OC(C)CCCCCC","vinyl"
"367","CCCCCCC(C)OC(=O)C=C","('C=CC(=O)OC(C)CCCCCC',)","[]","0","CCCCCCC(C)OC(=O)C(C[Rn])C(C[Rn])C(=O)OC(C)CCCCCC","vinyl"
"368","CCCCCCC(C)OC(=O)C=C","('C=CC(=O)OC(C)CCCCCC',)","[]","0","CCCCCCC(C)OC(=O)C([Rn])CCC([Rn])C(=O)OC(C)CCCCCC","vinyl"
"369","CCCCCCC(C)OC(=O)C=C","('C=CC(=O)OC(C)CCCCCC',)","[]","0","CCCCCCC(C)OC(=O)C([Rn])CC(C[Rn])C(=O)OC(C)CCCCCC","vinyl"
"370","C=C(C=C)C(C)(C)C","('C=CC(=C)C(C)(C)C',)","[]","0","C=C(C([Rn])CC(C[Rn])C(=C)C(C)(C)C)C(C)(C)C","vinyl"
"371","C=C(C=C)C(C)(C)C","('C=CC(=C)C(C)(C)C',)","[]","0","C=C(C(C[Rn])C(C[Rn])C(=C)C(C)(C)C)C(C)(C)C","vinyl"
"372","C=C(C=C)C(C)(C)C","('C=CC(=C)C(C)(C)C',)","[]","0","C=CC(C[Rn])(C(C[Rn])C(=C)C(C)(C)C)C(C)(C)C","vinyl"
"373","C=C(C=C)C(C)(C)C","('C=CC(=C)C(C)(C)C',)","[]","0","C=CC([Rn])(CC(C[Rn])C(=C)C(C)(C)C)C(C)(C)C","vinyl"
"374","C=C(C)C(=O)OCCC(C)(C)C","('C=C(C)C(=O)OCCC(C)(C)C',)","[]","0","CC(C)(C)CCOC(=O)C(C)([Rn])CC(C)(C[Rn])C(=O)OCCC(C)(C)C","vinyl"
"375","C=C(C)C(=O)OCCC(C)(C)C","('C=C(C)C(=O)OCCC(C)(C)C',)","[]","0","CC(C)(C)CCOC(=O)C(C)(C[Rn])C(C)(C[Rn])C(=O)OCCC(C)(C)C","vinyl"
"376","C=C(C)C(=O)OCCC(C)(C)C","('C=C(C)C(=O)OCCC(C)(C)C',)","[]","0","CC(C)(C)CCOC(=O)C(C)([Rn])CCC(C)([Rn])C(=O)OCCC(C)(C)C","vinyl"
"377","C=C(C)C(=O)OCCC(C)(C)C","('C=C(C)C(=O)OCCC(C)(C)C',)","[]","0","CC(C)(C)CCOC(=O)C(C)([Rn])CC(C)(C[Rn])C(=O)OCCC(C)(C)C","vinyl"
"378","Clc1ccc(C=C)cc1Cl","('C=Cc1ccc(Cl)c(Cl)c1',)","[]","0","Clc1ccc(C([Rn])CC(C[Rn])c2ccc(Cl)c(Cl)c2)cc1Cl","vinyl"
"379","Clc1ccc(C=C)cc1Cl","('C=Cc1ccc(Cl)c(Cl)c1',)","[]","0","Clc1ccc(C(C[Rn])C(C[Rn])c2ccc(Cl)c(Cl)c2)cc1Cl","vinyl"
"380","Clc1ccc(C=C)cc1Cl","('C=Cc1ccc(Cl)c(Cl)c1',)","[]","0","Clc1ccc(C([Rn])CCC([Rn])c2ccc(Cl)c(Cl)c2)cc1Cl","vinyl"
"381","Clc1ccc(C=C)cc1Cl","('C=Cc1ccc(Cl)c(Cl)c1',)","[]","0","Clc1ccc(C([Rn])CC(C[Rn])c2ccc(Cl)c(Cl)c2)cc1Cl","vinyl"
"382","Cc1ccc(C=C)cc1C","('C=Cc1ccc(C)c(C)c1',)","[]","0","Cc1ccc(C([Rn])CC(C[Rn])c2ccc(C)c(C)c2)cc1C","vinyl"
"383","Cc1ccc(C=C)cc1C","('C=Cc1ccc(C)c(C)c1',)","[]","0","Cc1ccc(C(C[Rn])C(C[Rn])c2ccc(C)c(C)c2)cc1C","vinyl"
"384","Cc1ccc(C=C)cc1C","('C=Cc1ccc(C)c(C)c1',)","[]","0","Cc1ccc(C([Rn])CCC([Rn])c2ccc(C)c(C)c2)cc1C","vinyl"
"385","Cc1ccc(C=C)cc1C","('C=Cc1ccc(C)c(C)c1',)","[]","0","Cc1ccc(C([Rn])CC(C[Rn])c2ccc(C)c(C)c2)cc1C","vinyl"
"386","Clc1ccc(Cl)c(C=C)c1","('C=Cc1cc(Cl)ccc1Cl',)","[]","0","Clc1ccc(Cl)c(C([Rn])CC(C[Rn])c2cc(Cl)ccc2Cl)c1","vinyl"
"387","Clc1ccc(Cl)c(C=C)c1","('C=Cc1cc(Cl)ccc1Cl',)","[]","0","Clc1ccc(Cl)c(C(C[Rn])C(C[Rn])c2cc(Cl)ccc2Cl)c1","vinyl"
"388","Clc1ccc(Cl)c(C=C)c1","('C=Cc1cc(Cl)ccc1Cl',)","[]","0","Clc1ccc(Cl)c(C([Rn])CCC([Rn])c2cc(Cl)ccc2Cl)c1","vinyl"
"389","Clc1ccc(Cl)c(C=C)c1","('C=Cc1cc(Cl)ccc1Cl',)","[]","0","Clc1ccc(Cl)c(C([Rn])CC(C[Rn])c2cc(Cl)ccc2Cl)c1","vinyl"
"390","Cc1ccc(C=C)c(C)c1","('C=Cc1ccc(C)cc1C',)","[]","0","Cc1ccc(C([Rn])CC(C[Rn])c2ccc(C)cc2C)c(C)c1","vinyl"
"391","Cc1ccc(C=C)c(C)c1","('C=Cc1ccc(C)cc1C',)","[]","0","Cc1ccc(C(C[Rn])C(C[Rn])c2ccc(C)cc2C)c(C)c1","vinyl"
"392","Cc1ccc(C=C)c(C)c1","('C=Cc1ccc(C)cc1C',)","[]","0","Cc1ccc(C([Rn])CCC([Rn])c2ccc(C)cc2C)c(C)c1","vinyl"
"393","Cc1ccc(C=C)c(C)c1","('C=Cc1ccc(C)cc1C',)","[]","0","Cc1ccc(C([Rn])CC(C[Rn])c2ccc(C)cc2C)c(C)c1","vinyl"
"394","Clc1ccc(C=C)c(Cl)c1","('C=Cc1ccc(Cl)cc1Cl',)","[]","0","Clc1ccc(C([Rn])CC(C[Rn])c2ccc(Cl)cc2Cl)c(Cl)c1","vinyl"
"395","Clc1ccc(C=C)c(Cl)c1","('C=Cc1ccc(Cl)cc1Cl',)","[]","0","Clc1ccc(C(C[Rn])C(C[Rn])c2ccc(Cl)cc2Cl)c(Cl)c1","vinyl"
"396","Clc1ccc(C=C)c(Cl)c1","('C=Cc1ccc(Cl)cc1Cl',)","[]","0","Clc1ccc(C([Rn])CCC([Rn])c2ccc(Cl)cc2Cl)c(Cl)c1","vinyl"
"397","Clc1ccc(C=C)c(Cl)c1","('C=Cc1ccc(Cl)cc1Cl',)","[]","0","Clc1ccc(C([Rn])CC(C[Rn])c2ccc(Cl)cc2Cl)c(Cl)c1","vinyl"
"398","Fc1c(F)c(F)c(C=C)c(F)c1F","('C=Cc1c(F)c(F)c(F)c(F)c1F',)","[]","0","Fc1c(F)c(F)c(C([Rn])CC(C[Rn])c2c(F)c(F)c(F)c(F)c2F)c(F)c1F","vinyl"
"399","Fc1c(F)c(F)c(C=C)c(F)c1F","('C=Cc1c(F)c(F)c(F)c(F)c1F',)","[]","0","Fc1c(F)c(F)c(C(C[Rn])C(C[Rn])c2c(F)c(F)c(F)c(F)c2F)c(F)c1F","vinyl"
"400","Fc1c(F)c(F)c(C=C)c(F)c1F","('C=Cc1c(F)c(F)c(F)c(F)c1F',)","[]","0","Fc1c(F)c(F)c(C([Rn])CCC([Rn])c2c(F)c(F)c(F)c(F)c2F)c(F)c1F","vinyl"
"401","Fc1c(F)c(F)c(C=C)c(F)c1F","('C=Cc1c(F)c(F)c(F)c(F)c1F',)","[]","0","Fc1c(F)c(F)c(C([Rn])CC(C[Rn])c2c(F)c(F)c(F)c(F)c2F)c(F)c1F","vinyl"
"402","NCCCCCCCCCCC(=O)O","('NCCCCCCCCCCC(=O)O',)","[]","0","NCCCCCCCCCCC(=O)[Rn]NCCCCCCCCCCC(=O)O","amide"
"403","NCCCCCCCCCCCC(=O)O","('NCCCCCCCCCCCC(=O)O',)","[]","0","NCCCCCCCCCCCC(=O)[Rn]NCCCCCCCCCCCC(=O)O","amide"
"407","C=C(C)C(=O)OC(C)C(C)(C)C","('C=C(C)C(=O)OC(C)C(C)(C)C',)","[]","0","CC(OC(=O)C(C)([Rn])CC(C)(C[Rn])C(=O)OC(C)C(C)(C)C)C(C)(C)C","vinyl"
"408","C=C(C)C(=O)OC(C)C(C)(C)C","('C=C(C)C(=O)OC(C)C(C)(C)C',)","[]","0","CC(OC(=O)C(C)(C[Rn])C(C)(C[Rn])C(=O)OC(C)C(C)(C)C)C(C)(C)C","vinyl"
"409","C=C(C)C(=O)OC(C)C(C)(C)C","('C=C(C)C(=O)OC(C)C(C)(C)C',)","[]","0","CC(OC(=O)C(C)([Rn])CCC(C)([Rn])C(=O)OC(C)C(C)(C)C)C(C)(C)C","vinyl"
"410","C=C(C)C(=O)OC(C)C(C)(C)C","('C=C(C)C(=O)OC(C)C(C)(C)C',)","[]","0","CC(OC(=O)C(C)([Rn])CC(C)(C[Rn])C(=O)OC(C)C(C)(C)C)C(C)(C)C","vinyl"
"411","C=CC=C","('C=CC=C',)","[]","0","C=CC([Rn])CC(C=C)C[Rn]","vinyl"
"412","C=CC=C","('C=CC=C',)","[]","0","C=CC(C[Rn])C(C=C)C[Rn]","vinyl"
"413","C=CC=C","('C=CC=C',)","[]","0","C=CC(C[Rn])C(C=C)C[Rn]","vinyl"
"414","C=CC=C","('C=CC=C',)","[]","0","C=CC([Rn])CC(C=C)C[Rn]","vinyl"
"415","C=C(C)C(=O)OC(Cc1ccccc1)c2ccccc2","('C=C(C)C(=O)OC(Cc1ccccc1)c1ccccc1',)","[]","0","CC([Rn])(CC(C)(C[Rn])C(=O)OC(Cc1ccccc1)c1ccccc1)C(=O)OC(Cc1ccccc1)c1ccccc1","vinyl"
"416","C=C(C)C(=O)OC(Cc1ccccc1)c2ccccc2","('C=C(C)C(=O)OC(Cc1ccccc1)c1ccccc1',)","[]","0","CC(C[Rn])(C(=O)OC(Cc1ccccc1)c1ccccc1)C(C)(C[Rn])C(=O)OC(Cc1ccccc1)c1ccccc1","vinyl"
"417","C=C(C)C(=O)OC(Cc1ccccc1)c2ccccc2","('C=C(C)C(=O)OC(Cc1ccccc1)c1ccccc1',)","[]","0","CC([Rn])(CCC(C)([Rn])C(=O)OC(Cc1ccccc1)c1ccccc1)C(=O)OC(Cc1ccccc1)c1ccccc1","vinyl"
"418","C=C(C)C(=O)OC(Cc1ccccc1)c2ccccc2","('C=C(C)C(=O)OC(Cc1ccccc1)c1ccccc1',)","[]","0","CC([Rn])(CC(C)(C[Rn])C(=O)OC(Cc1ccccc1)c1ccccc1)C(=O)OC(Cc1ccccc1)c1ccccc1","vinyl"
"420","C=C(C)C(=O)OC(C)CC(C)C","('C=C(C)C(=O)OC(C)CC(C)C',)","[]","0","CC(C)CC(C)OC(=O)C(C)([Rn])CC(C)(C[Rn])C(=O)OC(C)CC(C)C","vinyl"
"421","C=C(C)C(=O)OC(C)CC(C)C","('C=C(C)C(=O)OC(C)CC(C)C',)","[]","0","CC(C)CC(C)OC(=O)C(C)(C[Rn])C(C)(C[Rn])C(=O)OC(C)CC(C)C","vinyl"
"422","C=C(C)C(=O)OC(C)CC(C)C","('C=C(C)C(=O)OC(C)CC(C)C',)","[]","0","CC(C)CC(C)OC(=O)C(C)([Rn])CCC(C)([Rn])C(=O)OC(C)CC(C)C","vinyl"
"423","C=C(C)C(=O)OC(C)CC(C)C","('C=C(C)C(=O)OC(C)CC(C)C',)","[]","0","CC(C)CC(C)OC(=O)C(C)([Rn])CC(C)(C[Rn])C(=O)OC(C)CC(C)C","vinyl"
"424","CCCCCC=C","('C=CCCCCC',)","[]","0","CCCCCC([Rn])CC(C[Rn])CCCCC","vinyl"
"425","CCCCCC=C","('C=CCCCCC',)","[]","0","CCCCCC(C[Rn])C(C[Rn])CCCCC","vinyl"
"426","CCCCCC=C","('C=CCCCCC',)","[]","0","CCCCCC([Rn])CCC([Rn])CCCCC","vinyl"
"427","CCCCCC=C","('C=CCCCCC',)","[]","0","CCCCCC([Rn])CC(C[Rn])CCCCC","vinyl"
"428","CCCCC=C","('C=CCCCC',)","[]","0","CCCCC([Rn])CC(C[Rn])CCCC","vinyl"
"429","CCCCC=C","('C=CCCCC',)","[]","0","CCCCC(C[Rn])C(C[Rn])CCCC","vinyl"
"430","CCCCC=C","('C=CCCCC',)","[]","0","CCCCC([Rn])CCC([Rn])CCCC","vinyl"
"431","CCCCC=C","('C=CCCCC',)","[]","0","CCCCC([Rn])CC(C[Rn])CCCC","vinyl"
"432","CCC=C(C)C(=O)OC(C)C","('CCC=C(C)C(=O)OC(C)C',)","[]","0","CCC([Rn])C(C)(C(=O)OC(C)C)C(CC)C(C)([Rn])C(=O)OC(C)C","vinyl"
"433","CCC=C(C)C(=O)OC(C)C","('CCC=C(C)C(=O)OC(C)C',)","[]","0","CCC([Rn])C(C)(C(=O)OC(C)C)C(C)(C(=O)OC(C)C)C([Rn])CC","vinyl"
"434","CCC=C(C)C(=O)OC(C)C","('CCC=C(C)C(=O)OC(C)C',)","[]","0","CCC(C(CC)C(C)([Rn])C(=O)OC(C)C)C(C)([Rn])C(=O)OC(C)C","vinyl"
"435","CCC=C(C)C(=O)OC(C)C","('CCC=C(C)C(=O)OC(C)C',)","[]","0","CCC([Rn])C(C)(C(=O)OC(C)C)C(CC)C(C)([Rn])C(=O)OC(C)C","vinyl"
"436","CCCC=C(C)C(=O)OC(C)C","('CCCC=C(C)C(=O)OC(C)C',)","[]","0","CCCC([Rn])C(C)(C(=O)OC(C)C)C(CCC)C(C)([Rn])C(=O)OC(C)C","vinyl"
"437","CCCC=C(C)C(=O)OC(C)C","('CCCC=C(C)C(=O)OC(C)C',)","[]","0","CCCC([Rn])C(C)(C(=O)OC(C)C)C(C)(C(=O)OC(C)C)C([Rn])CCC","vinyl"
"438","CCCC=C(C)C(=O)OC(C)C","('CCCC=C(C)C(=O)OC(C)C',)","[]","0","CCCC(C(CCC)C(C)([Rn])C(=O)OC(C)C)C(C)([Rn])C(=O)OC(C)C","vinyl"
"439","CCCC=C(C)C(=O)OC(C)C","('CCCC=C(C)C(=O)OC(C)C',)","[]","0","CCCC([Rn])C(C)(C(=O)OC(C)C)C(CCC)C(C)([Rn])C(=O)OC(C)C","vinyl"
"440","CCCCCCCCCCCCCCCCC=C","('C=CCCCCCCCCCCCCCCCC',)","[]","0","CCCCCCCCCCCCCCCCC([Rn])CC(C[Rn])CCCCCCCCCCCCCCCC","vinyl"
"441","CCCCCCCCCCCCCCCCC=C","('C=CCCCCCCCCCCCCCCCC',)","[]","0","CCCCCCCCCCCCCCCCC(C[Rn])C(C[Rn])CCCCCCCCCCCCCCCC","vinyl"
"442","CCCCCCCCCCCCCCCCC=C","('C=CCCCCCCCCCCCCCCCC',)","[]","0","CCCCCCCCCCCCCCCCC([Rn])CCC([Rn])CCCCCCCCCCCCCCCC","vinyl"
"443","CCCCCCCCCCCCCCCCC=C","('C=CCCCCCCCCCCCCCCCC',)","[]","0","CCCCCCCCCCCCCCCCC([Rn])CC(C[Rn])CCCCCCCCCCCCCCCC","vinyl"
"444","CCCC=C","('C=CCCC',)","[]","0","CCCC([Rn])CC(C[Rn])CCC","vinyl"
"445","CCCC=C","('C=CCCC',)","[]","0","CCCC(C[Rn])C(C[Rn])CCC","vinyl"
"446","CCCC=C","('C=CCCC',)","[]","0","CCCC([Rn])CCC([Rn])CCC","vinyl"
"447","CCCC=C","('C=CCCC',)","[]","0","CCCC([Rn])CC(C[Rn])CCC","vinyl"
"448","C=C(C)C(=O)OC(C)c1ccccc1","('C=C(C)C(=O)OC(C)c1ccccc1',)","[]","0","CC(OC(=O)C(C)([Rn])CC(C)(C[Rn])C(=O)OC(C)c1ccccc1)c1ccccc1","vinyl"
"449","C=C(C)C(=O)OC(C)c1ccccc1","('C=C(C)C(=O)OC(C)c1ccccc1',)","[]","0","CC(OC(=O)C(C)(C[Rn])C(C)(C[Rn])C(=O)OC(C)c1ccccc1)c1ccccc1","vinyl"
"450","C=C(C)C(=O)OC(C)c1ccccc1","('C=C(C)C(=O)OC(C)c1ccccc1',)","[]","0","CC(OC(=O)C(C)([Rn])CCC(C)([Rn])C(=O)OC(C)c1ccccc1)c1ccccc1","vinyl"
"451","C=C(C)C(=O)OC(C)c1ccccc1","('C=C(C)C(=O)OC(C)c1ccccc1',)","[]","0","CC(OC(=O)C(C)([Rn])CC(C)(C[Rn])C(=O)OC(C)c1ccccc1)c1ccccc1","vinyl"
"452","C=C(C)C(=O)OC(C)C(F)(F)F","('C=C(C)C(=O)OC(C)C(F)(F)F',)","[]","0","CC(OC(=O)C(C)([Rn])CC(C)(C[Rn])C(=O)OC(C)C(F)(F)F)C(F)(F)F","vinyl"
"453","C=C(C)C(=O)OC(C)C(F)(F)F","('C=C(C)C(=O)OC(C)C(F)(F)F',)","[]","0","CC(OC(=O)C(C)(C[Rn])C(C)(C[Rn])C(=O)OC(C)C(F)(F)F)C(F)(F)F","vinyl"
"454","C=C(C)C(=O)OC(C)C(F)(F)F","('C=C(C)C(=O)OC(C)C(F)(F)F',)","[]","0","CC(OC(=O)C(C)([Rn])CCC(C)([Rn])C(=O)OC(C)C(F)(F)F)C(F)(F)F","vinyl"
"455","C=C(C)C(=O)OC(C)C(F)(F)F","('C=C(C)C(=O)OC(C)C(F)(F)F',)","[]","0","CC(OC(=O)C(C)([Rn])CC(C)(C[Rn])C(=O)OC(C)C(F)(F)F)C(F)(F)F","vinyl"
"456","CCC=C","('C=CCC',)","[]","0","CCC([Rn])CC(CC)C[Rn]","vinyl"
"457","CCC=C","('C=CCC',)","[]","0","CCC(C[Rn])C(CC)C[Rn]","vinyl"
"458","CCC=C","('C=CCC',)","[]","0","CCC([Rn])CCC([Rn])CC","vinyl"
"459","CCC=C","('C=CCC',)","[]","0","CCC([Rn])CC(CC)C[Rn]","vinyl"
"460","C=CCC1CCCCC1","('C=CCC1CCCCC1',)","[]","0","[Rn]CC(CC([Rn])CC1CCCCC1)CC1CCCCC1","vinyl"
"461","C=CCC1CCCCC1","('C=CCC1CCCCC1',)","[]","0","[Rn]CC(CC1CCCCC1)C(C[Rn])CC1CCCCC1","vinyl"
"462","C=CCC1CCCCC1","('C=CCC1CCCCC1',)","[]","0","[Rn]C(CCC([Rn])CC1CCCCC1)CC1CCCCC1","vinyl"
"463","C=CCC1CCCCC1","('C=CCC1CCCCC1',)","[]","0","[Rn]C(CC1CCCCC1)CC(C[Rn])CC1CCCCC1","vinyl"
"464","C=CCC1CCCC1","('C=CCC1CCCC1',)","[]","0","[Rn]CC(CC([Rn])CC1CCCC1)CC1CCCC1","vinyl"
"465","C=CCC1CCCC1","('C=CCC1CCCC1',)","[]","0","[Rn]CC(CC1CCCC1)C(C[Rn])CC1CCCC1","vinyl"
"466","C=CCC1CCCC1","('C=CCC1CCCC1',)","[]","0","[Rn]C(CCC([Rn])CC1CCCC1)CC1CCCC1","vinyl"
"467","C=CCC1CCCC1","('C=CCC1CCCC1',)","[]","0","[Rn]C(CC1CCCC1)CC(C[Rn])CC1CCCC1","vinyl"
"468","Fc1cc(C=C)ccc1Cl","('C=Cc1ccc(Cl)c(F)c1',)","[]","0","Fc1cc(C([Rn])CC(C[Rn])c2ccc(Cl)c(F)c2)ccc1Cl","vinyl"
"469","Fc1cc(C=C)ccc1Cl","('C=Cc1ccc(Cl)c(F)c1',)","[]","0","Fc1cc(C(C[Rn])C(C[Rn])c2ccc(Cl)c(F)c2)ccc1Cl","vinyl"
"470","Fc1cc(C=C)ccc1Cl","('C=Cc1ccc(Cl)c(F)c1',)","[]","0","Fc1cc(C([Rn])CCC([Rn])c2ccc(Cl)c(F)c2)ccc1Cl","vinyl"
"471","Fc1cc(C=C)ccc1Cl","('C=Cc1ccc(Cl)c(F)c1',)","[]","0","Fc1cc(C([Rn])CC(C[Rn])c2ccc(Cl)c(F)c2)ccc1Cl","vinyl"
"472","C=C(C)C(=O)OC(c1ccccc1)c2ccccc2","('C=C(C)C(=O)OC(c1ccccc1)c1ccccc1',)","[]","0","CC([Rn])(CC(C)(C[Rn])C(=O)OC(c1ccccc1)c1ccccc1)C(=O)OC(c1ccccc1)c1ccccc1","vinyl"
"473","C=C(C)C(=O)OC(c1ccccc1)c2ccccc2","('C=C(C)C(=O)OC(c1ccccc1)c1ccccc1',)","[]","0","CC(C[Rn])(C(=O)OC(c1ccccc1)c1ccccc1)C(C)(C[Rn])C(=O)OC(c1ccccc1)c1ccccc1","vinyl"
"474","C=C(C)C(=O)OC(c1ccccc1)c2ccccc2","('C=C(C)C(=O)OC(c1ccccc1)c1ccccc1',)","[]","0","CC([Rn])(CCC(C)([Rn])C(=O)OC(c1ccccc1)c1ccccc1)C(=O)OC(c1ccccc1)c1ccccc1","vinyl"
"475","C=C(C)C(=O)OC(c1ccccc1)c2ccccc2","('C=C(C)C(=O)OC(c1ccccc1)c1ccccc1',)","[]","0","CC([Rn])(CC(C)(C[Rn])C(=O)OC(c1ccccc1)c1ccccc1)C(=O)OC(c1ccccc1)c1ccccc1","vinyl"
"476","CCCCC=C(C)C(=O)OCCCCCCCC","('CCCCC=C(C)C(=O)OCCCCCCCC',)","[]","0","CCCCCCCCOC(=O)C(C)([Rn])C(CCCC)C(C)(C(=O)OCCCCCCCC)C([Rn])CCCC","vinyl"
"477","CCCCC=C(C)C(=O)OCCCCCCCC","('CCCCC=C(C)C(=O)OCCCCCCCC',)","[]","0","CCCCCCCCOC(=O)C(C)(C([Rn])CCCC)C(C)(C(=O)OCCCCCCCC)C([Rn])CCCC","vinyl"
"478","CCCCC=C(C)C(=O)OCCCCCCCC","('CCCCC=C(C)C(=O)OCCCCCCCC',)","[]","0","CCCCCCCCOC(=O)C(C)([Rn])C(CCCC)C(CCCC)C(C)([Rn])C(=O)OCCCCCCCC","vinyl"
"479","CCCCC=C(C)C(=O)OCCCCCCCC","('CCCCC=C(C)C(=O)OCCCCCCCC',)","[]","0","CCCCCCCCOC(=O)C(C)([Rn])C(CCCC)C(C)(C(=O)OCCCCCCCC)C([Rn])CCCC","vinyl"
"481","CCOC(=O)C=C","('C=CC(=O)OCC',)","[]","0","CCOC(=O)C([Rn])CC(C[Rn])C(=O)OCC","vinyl"
"482","CCOC(=O)C=C","('C=CC(=O)OCC',)","[]","0","CCOC(=O)C(C[Rn])C(C[Rn])C(=O)OCC","vinyl"
"483","CCOC(=O)C=C","('C=CC(=O)OCC',)","[]","0","CCOC(=O)C([Rn])CCC([Rn])C(=O)OCC","vinyl"
"484","CCOC(=O)C=C","('C=CC(=O)OCC',)","[]","0","CCOC(=O)C([Rn])CC(C[Rn])C(=O)OCC","vinyl"
"485","C=C(Cl)C(=O)OCC","('C=C(Cl)C(=O)OCC',)","[]","0","CCOC(=O)C(Cl)([Rn])CC(Cl)(C[Rn])C(=O)OCC","vinyl"
"486","C=C(Cl)C(=O)OCC","('C=C(Cl)C(=O)OCC',)","[]","0","CCOC(=O)C(Cl)(C[Rn])C(Cl)(C[Rn])C(=O)OCC","vinyl"
"487","C=C(Cl)C(=O)OCC","('C=C(Cl)C(=O)OCC',)","[]","0","CCOC(=O)C(Cl)([Rn])CCC(Cl)([Rn])C(=O)OCC","vinyl"
"488","C=C(Cl)C(=O)OCC","('C=C(Cl)C(=O)OCC',)","[]","0","CCOC(=O)C(Cl)([Rn])CC(Cl)(C[Rn])C(=O)OCC","vinyl"
"489","C=C(C)C(=O)OCC","('C=C(C)C(=O)OCC',)","[]","0","CCOC(=O)C(C)([Rn])CC(C)(C[Rn])C(=O)OCC","vinyl"
"490","C=C(C)C(=O)OCC","('C=C(C)C(=O)OCC',)","[]","0","CCOC(=O)C(C)(C[Rn])C(C)(C[Rn])C(=O)OCC","vinyl"
"491","C=C(C)C(=O)OCC","('C=C(C)C(=O)OCC',)","[]","0","CCOC(=O)C(C)([Rn])CCC(C)([Rn])C(=O)OCC","vinyl"
"492","C=C(C)C(=O)OCC","('C=C(C)C(=O)OCC',)","[]","0","CCOC(=O)C(C)([Rn])CC(C)(C[Rn])C(=O)OCC","vinyl"
"495","C=C(C)C(=O)OC1CCCCC1","('C=C(C)C(=O)OC1CCCCC1',)","[]","0","CC([Rn])(CC(C)(C[Rn])C(=O)OC1CCCCC1)C(=O)OC1CCCCC1","vinyl"
"496","C=C(C)C(=O)OC1CCCCC1","('C=C(C)C(=O)OC1CCCCC1',)","[]","0","CC(C[Rn])(C(=O)OC1CCCCC1)C(C)(C[Rn])C(=O)OC1CCCCC1","vinyl"
"497","C=C(C)C(=O)OC1CCCCC1","('C=C(C)C(=O)OC1CCCCC1',)","[]","0","CC([Rn])(CCC(C)([Rn])C(=O)OC1CCCCC1)C(=O)OC1CCCCC1","vinyl"
"498","C=C(C)C(=O)OC1CCCCC1","('C=C(C)C(=O)OC1CCCCC1',)","[]","0","CC([Rn])(CC(C)(C[Rn])C(=O)OC1CCCCC1)C(=O)OC1CCCCC1","vinyl"
"499","CC(C)COC(=O)C=C","('C=CC(=O)OCC(C)C',)","[]","0","CC(C)COC(=O)C([Rn])CC(C[Rn])C(=O)OCC(C)C","vinyl"
"500","CC(C)COC(=O)C=C","('C=CC(=O)OCC(C)C',)","[]","0","CC(C)COC(=O)C(C[Rn])C(C[Rn])C(=O)OCC(C)C","vinyl"
"501","CC(C)COC(=O)C=C","('C=CC(=O)OCC(C)C',)","[]","0","CC(C)COC(=O)C([Rn])CCC([Rn])C(=O)OCC(C)C","vinyl"
"502","CC(C)COC(=O)C=C","('C=CC(=O)OCC(C)C',)","[]","0","CC(C)COC(=O)C([Rn])CC(C[Rn])C(=O)OCC(C)C","vinyl"
"503","C=C(C)C(=O)OCCC(C)C","('C=C(C)C(=O)OCCC(C)C',)","[]","0","CC(C)CCOC(=O)C(C)([Rn])CC(C)(C[Rn])C(=O)OCCC(C)C","vinyl"
"504","C=C(C)C(=O)OCCC(C)C","('C=C(C)C(=O)OCCC(C)C',)","[]","0","CC(C)CCOC(=O)C(C)(C[Rn])C(C)(C[Rn])C(=O)OCCC(C)C","vinyl"
"505","C=C(C)C(=O)OCCC(C)C","('C=C(C)C(=O)OCCC(C)C',)","[]","0","CC(C)CCOC(=O)C(C)([Rn])CCC(C)([Rn])C(=O)OCCC(C)C","vinyl"
"506","C=C(C)C(=O)OCCC(C)C","('C=C(C)C(=O)OCCC(C)C',)","[]","0","CC(C)CCOC(=O)C(C)([Rn])CC(C)(C[Rn])C(=O)OCCC(C)C","vinyl"
"507","C=C(Cl)C(=O)OC(C)C","('C=C(Cl)C(=O)OC(C)C',)","[]","0","CC(C)OC(=O)C(Cl)([Rn])CC(Cl)(C[Rn])C(=O)OC(C)C","vinyl"
"508","C=C(Cl)C(=O)OC(C)C","('C=C(Cl)C(=O)OC(C)C',)","[]","0","CC(C)OC(=O)C(Cl)(C[Rn])C(Cl)(C[Rn])C(=O)OC(C)C","vinyl"
"509","C=C(Cl)C(=O)OC(C)C","('C=C(Cl)C(=O)OC(C)C',)","[]","0","CC(C)OC(=O)C(Cl)([Rn])CCC(Cl)([Rn])C(=O)OC(C)C","vinyl"
"510","C=C(Cl)C(=O)OC(C)C","('C=C(Cl)C(=O)OC(C)C',)","[]","0","CC(C)OC(=O)C(Cl)([Rn])CC(Cl)(C[Rn])C(=O)OC(C)C","vinyl"
"511","C=C(C)C(=O)OC(C)C","('C=C(C)C(=O)OC(C)C',)","[]","0","CC(C)OC(=O)C(C)([Rn])CC(C)(C[Rn])C(=O)OC(C)C","vinyl"
"512","C=C(C)C(=O)OC(C)C","('C=C(C)C(=O)OC(C)C',)","[]","0","CC(C)OC(=O)C(C)(C[Rn])C(C)(C[Rn])C(=O)OC(C)C","vinyl"
"513","C=C(C)C(=O)OC(C)C","('C=C(C)C(=O)OC(C)C',)","[]","0","CC(C)OC(=O)C(C)([Rn])CCC(C)([Rn])C(=O)OC(C)C","vinyl"
"514","C=C(C)C(=O)OC(C)C","('C=C(C)C(=O)OC(C)C',)","[]","0","CC(C)OC(=O)C(C)([Rn])CC(C)(C[Rn])C(=O)OC(C)C","vinyl"
"515","Clc1cccc(C=C)c1","('C=Cc1cccc(Cl)c1',)","[]","0","Clc1cccc(C([Rn])CC(C[Rn])c2cccc(Cl)c2)c1","vinyl"
"516","Clc1cccc(C=C)c1","('C=Cc1cccc(Cl)c1',)","[]","0","Clc1cccc(C(C[Rn])C(C[Rn])c2cccc(Cl)c2)c1","vinyl"
"517","Clc1cccc(C=C)c1","('C=Cc1cccc(Cl)c1',)","[]","0","Clc1cccc(C([Rn])CCC([Rn])c2cccc(Cl)c2)c1","vinyl"
"518","Clc1cccc(C=C)c1","('C=Cc1cccc(Cl)c1',)","[]","0","Clc1cccc(C([Rn])CC(C[Rn])c2cccc(Cl)c2)c1","vinyl"
"519","OCc1cccc(C=C)c1","('C=Cc1cccc(CO)c1',)","[]","0","OCc1cccc(C([Rn])CC(C[Rn])c2cccc(CO)c2)c1","vinyl"
"520","OCc1cccc(C=C)c1","('C=Cc1cccc(CO)c1',)","[]","0","OCc1cccc(C(C[Rn])C(C[Rn])c2cccc(CO)c2)c1","vinyl"
"521","OCc1cccc(C=C)c1","('C=Cc1cccc(CO)c1',)","[]","0","OCc1cccc(C([Rn])CCC([Rn])c2cccc(CO)c2)c1","vinyl"
"522","OCc1cccc(C=C)c1","('C=Cc1cccc(CO)c1',)","[]","0","OCc1cccc(C([Rn])CC(C[Rn])c2cccc(CO)c2)c1","vinyl"
"523","Cc1cccc(C=C)c1","('C=Cc1cccc(C)c1',)","[]","0","Cc1cccc(C([Rn])CC(C[Rn])c2cccc(C)c2)c1","vinyl"
"524","Cc1cccc(C=C)c1","('C=Cc1cccc(C)c1',)","[]","0","Cc1cccc(C(C[Rn])C(C[Rn])c2cccc(C)c2)c1","vinyl"
"525","Cc1cccc(C=C)c1","('C=Cc1cccc(C)c1',)","[]","0","Cc1cccc(C([Rn])CCC([Rn])c2cccc(C)c2)c1","vinyl"
"526","Cc1cccc(C=C)c1","('C=Cc1cccc(C)c1',)","[]","0","Cc1cccc(C([Rn])CC(C[Rn])c2cccc(C)c2)c1","vinyl"
"527","FC(F)(F)c1cccc(C=C)c1","('C=Cc1cccc(C(F)(F)F)c1',)","[]","0","FC(F)(F)c1cccc(C([Rn])CC(C[Rn])c2cccc(C(F)(F)F)c2)c1","vinyl"
"528","FC(F)(F)c1cccc(C=C)c1","('C=Cc1cccc(C(F)(F)F)c1',)","[]","0","FC(F)(F)c1cccc(C(C[Rn])C(C[Rn])c2cccc(C(F)(F)F)c2)c1","vinyl"
"529","FC(F)(F)c1cccc(C=C)c1","('C=Cc1cccc(C(F)(F)F)c1',)","[]","0","FC(F)(F)c1cccc(C([Rn])CCC([Rn])c2cccc(C(F)(F)F)c2)c1","vinyl"
"530","FC(F)(F)c1cccc(C=C)c1","('C=Cc1cccc(C(F)(F)F)c1',)","[]","0","FC(F)(F)c1cccc(C([Rn])CC(C[Rn])c2cccc(C(F)(F)F)c2)c1","vinyl"
"531","COC(=O)C=C","('C=CC(=O)OC',)","[]","0","COC(=O)C([Rn])CC(C[Rn])C(=O)OC","vinyl"
"532","COC(=O)C=C","('C=CC(=O)OC',)","[]","0","COC(=O)C(C[Rn])C(C[Rn])C(=O)OC","vinyl"
"533","COC(=O)C=C","('C=CC(=O)OC',)","[]","0","COC(=O)C([Rn])CCC([Rn])C(=O)OC","vinyl"
"534","COC(=O)C=C","('C=CC(=O)OC',)","[]","0","COC(=O)C([Rn])CC(C[Rn])C(=O)OC","vinyl"
"535","C=C(C)C(=O)OCC(C)C","('C=C(C)C(=O)OCC(C)C',)","[]","0","CC(C)COC(=O)C(C)([Rn])CC(C)(C[Rn])C(=O)OCC(C)C","vinyl"
"536","C=C(C)C(=O)OCC(C)C","('C=C(C)C(=O)OCC(C)C',)","[]","0","CC(C)COC(=O)C(C)(C[Rn])C(C)(C[Rn])C(=O)OCC(C)C","vinyl"
"537","C=C(C)C(=O)OCC(C)C","('C=C(C)C(=O)OCC(C)C',)","[]","0","CC(C)COC(=O)C(C)([Rn])CCC(C)([Rn])C(=O)OCC(C)C","vinyl"
"538","C=C(C)C(=O)OCC(C)C","('C=C(C)C(=O)OCC(C)C',)","[]","0","CC(C)COC(=O)C(C)([Rn])CC(C)(C[Rn])C(=O)OCC(C)C","vinyl"
"539","C=CCC=C","('C=CCC=C',)","[]","0","C=CCC([Rn])CC(C[Rn])CC=C","vinyl"
"540","C=CCC=C","('C=CCC=C',)","[]","0","C=CCC(C[Rn])C(C[Rn])CC=C","vinyl"
"541","C=CCC=C","('C=CCC=C',)","[]","0","C=CCC(C[Rn])C(C[Rn])CC=C","vinyl"
"542","C=CCC=C","('C=CCC=C',)","[]","0","C=CCC([Rn])CC(C[Rn])CC=C","vinyl"
"543","C=C(Cl)C(=O)OC1CCCCC1","('C=C(Cl)C(=O)OC1CCCCC1',)","[]","0","O=C(OC1CCCCC1)C(Cl)([Rn])CC(Cl)(C[Rn])C(=O)OC1CCCCC1","vinyl"
"544","C=C(Cl)C(=O)OC1CCCCC1","('C=C(Cl)C(=O)OC1CCCCC1',)","[]","0","O=C(OC1CCCCC1)C(Cl)(C[Rn])C(Cl)(C[Rn])C(=O)OC1CCCCC1","vinyl"
"545","C=C(Cl)C(=O)OC1CCCCC1","('C=C(Cl)C(=O)OC1CCCCC1',)","[]","0","O=C(OC1CCCCC1)C(Cl)([Rn])CCC(Cl)([Rn])C(=O)OC1CCCCC1","vinyl"
"546","C=C(Cl)C(=O)OC1CCCCC1","('C=C(Cl)C(=O)OC1CCCCC1',)","[]","0","O=C(OC1CCCCC1)C(Cl)([Rn])CC(Cl)(C[Rn])C(=O)OC1CCCCC1","vinyl"
"547","C=C(C)C(=O)OCc1ccccc1","('C=C(C)C(=O)OCc1ccccc1',)","[]","0","CC([Rn])(CC(C)(C[Rn])C(=O)OCc1ccccc1)C(=O)OCc1ccccc1","vinyl"
"548","C=C(C)C(=O)OCc1ccccc1","('C=C(C)C(=O)OCc1ccccc1',)","[]","0","CC(C[Rn])(C(=O)OCc1ccccc1)C(C)(C[Rn])C(=O)OCc1ccccc1","vinyl"
"549","C=C(C)C(=O)OCc1ccccc1","('C=C(C)C(=O)OCc1ccccc1',)","[]","0","CC([Rn])(CCC(C)([Rn])C(=O)OCc1ccccc1)C(=O)OCc1ccccc1","vinyl"
"550","C=C(C)C(=O)OCc1ccccc1","('C=C(C)C(=O)OCc1ccccc1',)","[]","0","CC([Rn])(CC(C)(C[Rn])C(=O)OCc1ccccc1)C(=O)OCc1ccccc1","vinyl"
"553","CC(C)C=C","('C=CC(C)C',)","[]","0","CC(C)C([Rn])CC(C[Rn])C(C)C","vinyl"
"554","CC(C)C=C","('C=CC(C)C',)","[]","0","CC(C)C(C[Rn])C(C[Rn])C(C)C","vinyl"
"555","CC(C)C=C","('C=CC(C)C',)","[]","0","CC(C)C([Rn])CCC([Rn])C(C)C","vinyl"
"556","CC(C)C=C","('C=CC(C)C',)","[]","0","CC(C)C([Rn])CC(C[Rn])C(C)C","vinyl"
"557","Cc1cc(C=C)ccc1Cl","('C=Cc1ccc(Cl)c(C)c1',)","[]","0","Cc1cc(C([Rn])CC(C[Rn])c2ccc(Cl)c(C)c2)ccc1Cl","vinyl"
"558","Cc1cc(C=C)ccc1Cl","('C=Cc1ccc(Cl)c(C)c1',)","[]","0","Cc1cc(C(C[Rn])C(C[Rn])c2ccc(Cl)c(C)c2)ccc1Cl","vinyl"
"559","Cc1cc(C=C)ccc1Cl","('C=Cc1ccc(Cl)c(C)c1',)","[]","0","Cc1cc(C([Rn])CCC([Rn])c2ccc(Cl)c(C)c2)ccc1Cl","vinyl"
"560","Cc1cc(C=C)ccc1Cl","('C=Cc1ccc(Cl)c(C)c1',)","[]","0","Cc1cc(C([Rn])CC(C[Rn])c2ccc(Cl)c(C)c2)ccc1Cl","vinyl"
"561","CCC(CC)OC(=O)C=C","('C=CC(=O)OC(CC)CC',)","[]","0","CCC(CC)OC(=O)C([Rn])CC(C[Rn])C(=O)OC(CC)CC","vinyl"
"562","CCC(CC)OC(=O)C=C","('C=CC(=O)OC(CC)CC',)","[]","0","CCC(CC)OC(=O)C(C[Rn])C(C[Rn])C(=O)OC(CC)CC","vinyl"
"563","CCC(CC)OC(=O)C=C","('C=CC(=O)OC(CC)CC',)","[]","0","CCC(CC)OC(=O)C([Rn])CCC([Rn])C(=O)OC(CC)CC","vinyl"
"564","CCC(CC)OC(=O)C=C","('C=CC(=O)OC(CC)CC',)","[]","0","CCC(CC)OC(=O)C([Rn])CC(C[Rn])C(=O)OC(CC)CC","vinyl"
"565","C=CCc1ccccc1","('C=CCc1ccccc1',)","[]","0","[Rn]CC(Cc1ccccc1)CC([Rn])Cc1ccccc1","vinyl"
"566","C=CCc1ccccc1","('C=CCc1ccccc1',)","[]","0","[Rn]CC(Cc1ccccc1)C(C[Rn])Cc1ccccc1","vinyl"
"567","C=CCc1ccccc1","('C=CCc1ccccc1',)","[]","0","[Rn]C(CCC([Rn])Cc1ccccc1)Cc1ccccc1","vinyl"
"568","C=CCc1ccccc1","('C=CCc1ccccc1',)","[]","0","[Rn]C(Cc1ccccc1)CC(C[Rn])Cc1ccccc1","vinyl"
"569","C=CCCC1CCCCC1","('C=CCCC1CCCCC1',)","[]","0","[Rn]CC(CCC1CCCCC1)CC([Rn])CCC1CCCCC1","vinyl"
"570","C=CCCC1CCCCC1","('C=CCCC1CCCCC1',)","[]","0","[Rn]CC(CCC1CCCCC1)C(C[Rn])CCC1CCCCC1","vinyl"
"571","C=CCCC1CCCCC1","('C=CCCC1CCCCC1',)","[]","0","[Rn]C(CCC([Rn])CCC1CCCCC1)CCC1CCCCC1","vinyl"
"572","C=CCCC1CCCCC1","('C=CCCC1CCCCC1',)","[]","0","[Rn]C(CCC1CCCCC1)CC(C[Rn])CCC1CCCCC1","vinyl"
"573","Fc1ccc(C=C)c(C(F)(F)F)c1","('C=Cc1ccc(F)cc1C(F)(F)F',)","[]","0","Fc1ccc(C([Rn])CC(C[Rn])c2ccc(F)cc2C(F)(F)F)c(C(F)(F)F)c1","vinyl"
"574","Fc1ccc(C=C)c(C(F)(F)F)c1","('C=Cc1ccc(F)cc1C(F)(F)F',)","[]","0","Fc1ccc(C(C[Rn])C(C[Rn])c2ccc(F)cc2C(F)(F)F)c(C(F)(F)F)c1","vinyl"
"575","Fc1ccc(C=C)c(C(F)(F)F)c1","('C=Cc1ccc(F)cc1C(F)(F)F',)","[]","0","Fc1ccc(C([Rn])CCC([Rn])c2ccc(F)cc2C(F)(F)F)c(C(F)(F)F)c1","vinyl"
"576","Fc1ccc(C=C)c(C(F)(F)F)c1","('C=Cc1ccc(F)cc1C(F)(F)F',)","[]","0","Fc1ccc(C([Rn])CC(C[Rn])c2ccc(F)cc2C(F)(F)F)c(C(F)(F)F)c1","vinyl"
"579","CC(C)CC=C","('C=CCC(C)C',)","[]","0","CC(C)CC([Rn])CC(C[Rn])CC(C)C","vinyl"
"580","CC(C)CC=C","('C=CCC(C)C',)","[]","0","CC(C)CC(C[Rn])C(C[Rn])CC(C)C","vinyl"
"581","CC(C)CC=C","('C=CCC(C)C',)","[]","0","CC(C)CC([Rn])CCC([Rn])CC(C)C","vinyl"
"582","CC(C)CC=C","('C=CCC(C)C',)","[]","0","CC(C)CC([Rn])CC(C[Rn])CC(C)C","vinyl"
"583","C=CCCc1ccccc1","('C=CCCc1ccccc1',)","[]","0","[Rn]CC(CCc1ccccc1)CC([Rn])CCc1ccccc1","vinyl"
"584","C=CCCc1ccccc1","('C=CCCc1ccccc1',)","[]","0","[Rn]CC(CCc1ccccc1)C(C[Rn])CCc1ccccc1","vinyl"
"585","C=CCCc1ccccc1","('C=CCCc1ccccc1',)","[]","0","[Rn]C(CCc1ccccc1)CCC([Rn])CCc1ccccc1","vinyl"
"586","C=CCCc1ccccc1","('C=CCCc1ccccc1',)","[]","0","[Rn]C(CCc1ccccc1)CC(C[Rn])CCc1ccccc1","vinyl"
"587","CC(C)CCC=C","('C=CCCC(C)C',)","[]","0","CC(C)CCC([Rn])CC(C[Rn])CCC(C)C","vinyl"
"588","CC(C)CCC=C","('C=CCCC(C)C',)","[]","0","CC(C)CCC(C[Rn])C(C[Rn])CCC(C)C","vinyl"
"589","CC(C)CCC=C","('C=CCCC(C)C',)","[]","0","CC(C)CCC([Rn])CCC([Rn])CCC(C)C","vinyl"
"590","CC(C)CCC=C","('C=CCCC(C)C',)","[]","0","CC(C)CCC([Rn])CC(C[Rn])CCC(C)C","vinyl"
"591","C=CCCCc1ccccc1","('C=CCCCc1ccccc1',)","[]","0","[Rn]CC(CCCc1ccccc1)CC([Rn])CCCc1ccccc1","vinyl"
"592","C=CCCCc1ccccc1","('C=CCCCc1ccccc1',)","[]","0","[Rn]CC(CCCc1ccccc1)C(C[Rn])CCCc1ccccc1","vinyl"
"593","C=CCCCc1ccccc1","('C=CCCCc1ccccc1',)","[]","0","[Rn]C(CCCc1ccccc1)CCC([Rn])CCCc1ccccc1","vinyl"
"594","C=CCCCc1ccccc1","('C=CCCCc1ccccc1',)","[]","0","[Rn]C(CCCc1ccccc1)CC(C[Rn])CCCc1ccccc1","vinyl"
"595","CC(C)CCCC=C","('C=CCCCC(C)C',)","[]","0","CC(C)CCCC([Rn])CC(C[Rn])CCCC(C)C","vinyl"
"596","CC(C)CCCC=C","('C=CCCCC(C)C',)","[]","0","CC(C)CCCC(C[Rn])C(C[Rn])CCCC(C)C","vinyl"
"597","CC(C)CCCC=C","('C=CCCCC(C)C',)","[]","0","CC(C)CCCC([Rn])CCC([Rn])CCCC(C)C","vinyl"
"598","CC(C)CCCC=C","('C=CCCCC(C)C',)","[]","0","CC(C)CCCC([Rn])CC(C[Rn])CCCC(C)C","vinyl"
"599","CC(C)(C)NC(=O)C=C","('C=CC(=O)NC(C)(C)C',)","[]","0","CC(C)(C)NC(=O)C([Rn])CC(C[Rn])C(=O)NC(C)(C)C","vinyl"
"600","CC(C)(C)NC(=O)C=C","('C=CC(=O)NC(C)(C)C',)","[]","0","CC(C)(C)NC(=O)C(C[Rn])C(C[Rn])C(=O)NC(C)(C)C","vinyl"
"601","CC(C)(C)NC(=O)C=C","('C=CC(=O)NC(C)(C)C',)","[]","0","CC(C)(C)NC(=O)C([Rn])CCC([Rn])C(=O)NC(C)(C)C","vinyl"
"602","CC(C)(C)NC(=O)C=C","('C=CC(=O)NC(C)(C)C',)","[]","0","CC(C)(C)NC(=O)C([Rn])CC(C[Rn])C(=O)NC(C)(C)C","vinyl"
"603","C=Cn3c1ccccc1c2ccccc23","('C=Cn1c2ccccc2c2ccccc21',)","[]","0","[Rn]CC(CC([Rn])n1c2ccccc2c2ccccc21)n1c2ccccc2c2ccccc21","vinyl"
"604","C=Cn3c1ccccc1c2ccccc23","('C=Cn1c2ccccc2c2ccccc21',)","[]","0","[Rn]CC(C(C[Rn])n1c2ccccc2c2ccccc21)n1c2ccccc2c2ccccc21","vinyl"
"605","C=Cn3c1ccccc1c2ccccc23","('C=Cn1c2ccccc2c2ccccc21',)","[]","0","[Rn]C(CCC([Rn])n1c2ccccc2c2ccccc21)n1c2ccccc2c2ccccc21","vinyl"
"606","C=Cn3c1ccccc1c2ccccc23","('C=Cn1c2ccccc2c2ccccc21',)","[]","0","[Rn]C(CC(C[Rn])n1c2ccccc2c2ccccc21)n1c2ccccc2c2ccccc21","vinyl"
"607","C=CN1CCCC1=O","('C=CN1CCCC1=O',)","[]","0","O=C1CCCN1C([Rn])CC(C[Rn])N1CCCC1=O","vinyl"
"608","C=CN1CCCC1=O","('C=CN1CCCC1=O',)","[]","0","O=C1CCCN1C(C[Rn])C(C[Rn])N1CCCC1=O","vinyl"
"609","C=CN1CCCC1=O","('C=CN1CCCC1=O',)","[]","0","O=C1CCCN1C([Rn])CCC([Rn])N1CCCC1=O","vinyl"
"610","C=CN1CCCC1=O","('C=CN1CCCC1=O',)","[]","0","O=C1CCCN1C([Rn])CC(C[Rn])N1CCCC1=O","vinyl"
"611","COc1ccc(C=C)c(C)c1","('C=Cc1ccc(OC)cc1C',)","[]","0","COc1ccc(C([Rn])CC(C[Rn])c2ccc(OC)cc2C)c(C)c1","vinyl"
"612","COc1ccc(C=C)c(C)c1","('C=Cc1ccc(OC)cc1C',)","[]","0","COc1ccc(C(C[Rn])C(C[Rn])c2ccc(OC)cc2C)c(C)c1","vinyl"
"613","COc1ccc(C=C)c(C)c1","('C=Cc1ccc(OC)cc1C',)","[]","0","COc1ccc(C([Rn])CCC([Rn])c2ccc(OC)cc2C)c(C)c1","vinyl"
"614","COc1ccc(C=C)c(C)c1","('C=Cc1ccc(OC)cc1C',)","[]","0","COc1ccc(C([Rn])CC(C[Rn])c2ccc(OC)cc2C)c(C)c1","vinyl"
"615","C=Cc1ccccc1","('C=Cc1ccccc1',)","[]","0","[Rn]CC(CC([Rn])c1ccccc1)c1ccccc1","vinyl"
"616","C=Cc1ccccc1","('C=Cc1ccccc1',)","[]","0","[Rn]CC(c1ccccc1)C(C[Rn])c1ccccc1","vinyl"
"617","C=Cc1ccccc1","('C=Cc1ccccc1',)","[]","0","[Rn]C(CCC([Rn])c1ccccc1)c1ccccc1","vinyl"
"618","C=Cc1ccccc1","('C=Cc1ccccc1',)","[]","0","[Rn]C(CC(C[Rn])c1ccccc1)c1ccccc1","vinyl"
